Data Set,cMax,TFT,Execution Time (ms),Sequence
0,32,111,0.020548,[3-5-1-2-4]
1,1435,16701,0.363158,[17-9-11-15-13-14-16-8-19-6-5-4-18-2-1-10-7-20-12-3]
2,1461,18594,0.378756,[20-9-12-7-1-13-5-11-16-3-19-4-17-10-6-15-2-8-18-14]
3,1353,16051,0.338759,[16-19-13-4-8-10-3-20-18-11-14-7-1-12-5-17-9-6-15-2]
4,1535,17937,0.383637,[13-9-16-17-14-4-20-11-15-10-2-7-1-5-8-12-19-3-6-18]
5,1398,15792,0.361471,[3-12-10-19-9-20-18-7-15-4-13-17-16-6-2-14-11-8-5-1]
6,1464,16130,0.369872,[14-2-20-11-13-6-8-1-12-5-17-18-10-16-7-15-9-4-19-3]
7,1450,18028,0.370497,[5-16-1-9-11-20-8-6-3-18-7-4-2-13-17-19-15-12-14-10]
8,1456,16425,0.336542,[12-17-6-9-1-3-2-14-5-16-18-19-10-20-8-7-13-4-15-11]
9,1457,16568,0.367366,[4-10-2-15-12-16-7-20-18-17-3-8-1-6-19-14-11-9-13-5]
10,1349,15436,0.366267,[11-7-19-12-15-16-6-10-13-1-2-8-3-4-18-14-17-9-5-20]
11,1767,23815,0.549440,[18-5-9-15-12-10-17-13-14-3-6-20-7-2-8-19-11-4-1-16]
12,1903,25117,0.491865,[12-13-17-9-19-5-8-4-20-11-15-7-10-1-2-16-14-3-6-18]
13,1772,23597,0.562624,[4-7-9-16-12-13-18-5-1-2-11-14-6-17-15-10-20-19-3-8]
14,1625,21412,0.538176,[18-11-20-3-12-9-6-4-16-1-10-2-15-5-13-7-14-17-8-19]
15,1722,22721,0.547026,[16-8-18-20-14-15-1-7-2-19-9-6-13-10-12-4-5-3-17-11]
16,1679,22140,0.539430,[18-16-8-19-14-6-3-7-13-4-5-17-11-15-10-20-9-2-1-12]
17,1738,22089,0.492982,[19-4-6-1-9-17-16-8-18-20-3-2-7-14-11-5-13-12-10-15]
18,1814,23162,0.589146,[7-17-8-18-14-2-1-9-6-11-10-3-13-20-19-15-5-4-16-12]
19,1832,23563,0.640997,[14-12-8-17-4-2-20-19-3-1-6-7-15-13-18-16-10-5-11-9]
20,1854,24525,0.596792,[5-16-14-13-19-4-17-9-7-8-2-20-10-18-15-6-1-11-12-3]
21,2530,37584,1.146838,[16-18-5-14-8-10-3-15-1-12-13-9-11-20-2-6-4-17-7-19]
22,2285,35451,1.160121,[18-3-11-4-15-12-6-16-14-13-5-19-8-10-20-1-7-17-9-2]
23,2575,38478,1.077038,[2-19-4-5-9-16-17-12-1-3-11-15-13-18-10-14-6-8-20-7]
24,2399,34738,1.145703,[14-3-18-8-6-20-2-4-12-15-1-7-5-13-19-16-10-9-17-11]
25,2538,38667,1.203701,[10-5-9-4-2-7-15-3-17-20-19-1-13-11-12-16-18-14-6-8]
26,2472,35932,1.159316,[18-6-8-20-1-2-13-16-9-5-17-15-10-4-3-7-12-14-11-19]
27,2475,36526,1.134091,[17-10-12-9-16-14-18-2-19-11-5-20-6-8-1-3-4-7-15-13]
28,2411,36972,1.539764,[4-10-14-11-7-20-2-5-13-17-3-12-19-8-6-18-15-16-1-9]
29,2416,36711,1.072970,[1-17-13-8-6-7-11-2-14-4-18-10-12-3-20-9-15-16-19-5]
30,2425,35991,1.169548,[6-3-17-8-7-19-15-12-5-9-10-16-2-1-11-13-18-4-20-14]
31,3314,88999,4.477275,[31-32-34-27-22-28-25-43-8-46-3-19-17-24-30-11-45-41-26-9-47-16-13-7-12-6-18-37-38-23-36-10-50-40-42-48-39-49-44-21-4-29-2-5-14-15-1-33-20-35]
32,3521,99786,4.708350,[33-36-37-2-45-11-20-43-46-19-22-32-27-39-30-41-35-40-24-17-48-44-1-28-25-9-7-26-13-12-16-31-8-21-14-34-3-50-15-42-47-49-38-10-5-23-29-6-18-4]
33,3223,82282,22.768539,[27-37-12-18-1-3-4-28-11-6-23-15-36-26-22-49-2-16-10-45-34-48-17-39-25-41-7-46-33-20-29-24-5-40-9-19-38-47-43-32-13-50-42-44-30-31-35-14-21-8]
34,3393,87835,4.107127,[42-22-26-3-7-21-32-43-6-27-37-23-12-31-44-9-49-2-20-47-1-45-18-38-4-41-13-39-16-24-28-15-14-36-19-35-25-5-46-10-29-11-8-33-48-17-34-50-40-30]
35,3442,95953,9.471529,[46-48-21-1-43-35-41-23-14-22-2-47-11-15-26-5-40-38-24-34-25-28-36-49-31-16-3-4-33-7-27-10-12-18-29-20-19-9-50-44-39-32-13-8-30-37-6-17-45-42]
36,3401,90743,4.342897,[4-21-1-29-11-39-50-35-44-34-10-23-17-42-38-6-37-30-3-49-43-41-8-32-25-9-5-40-36-46-20-47-24-48-19-7-18-15-13-45-2-14-26-16-12-22-28-33-27-31]
37,3296,93609,4.153341,[40-49-21-18-32-36-50-14-46-6-12-42-41-13-1-15-24-23-2-43-37-20-31-35-33-48-17-11-7-29-22-4-45-8-30-9-10-39-44-3-26-47-38-25-19-5-34-16-27-28]
38,3328,86006,4.072879,[34-10-47-30-36-50-8-1-31-43-7-21-33-14-49-27-15-26-9-17-35-23-2-22-5-25-18-28-44-48-29-37-39-16-3-20-46-19-6-45-12-11-24-42-41-32-4-13-38-40]
39,3116,82549,4.304787,[24-50-29-13-10-46-12-1-40-28-9-3-18-7-44-15-33-19-25-36-43-22-37-39-21-45-34-32-41-42-6-48-30-11-49-38-2-26-20-47-16-5-23-35-27-31-4-8-17-14]
40,3430,91294,6.887295,[50-6-34-48-20-27-36-23-19-25-31-44-30-8-2-15-11-26-24-5-4-49-41-40-10-46-7-17-12-43-21-37-3-18-28-35-16-39-47-42-14-38-9-13-1-33-45-29-22-32]
41,3967,114575,6.074777,[18-20-22-49-44-30-24-43-14-38-4-36-10-26-32-2-34-7-46-15-23-11-17-3-28-13-6-9-40-29-12-42-31-47-5-35-25-37-45-21-8-16-50-41-33-19-1-48-39-27]
42,3795,111000,6.720230,[35-12-27-9-10-31-42-11-46-49-23-3-14-47-20-17-18-6-39-34-43-32-29-16-40-19-36-21-8-4-37-15-25-41-13-26-50-38-7-44-2-30-33-28-5-24-45-1-22-48]
43,3819,105954,5.991241,[24-4-19-49-16-10-28-25-46-45-12-37-7-5-17-18-2-26-27-33-47-40-34-38-20-29-32-1-50-11-42-41-43-48-9-13-35-44-30-6-3-23-31-14-21-39-22-15-36-8]
44,3983,111711,6.109472,[20-5-22-6-24-23-14-21-2-39-17-45-28-9-30-37-13-29-46-12-33-27-34-18-8-11-31-10-19-41-38-32-47-25-15-48-36-4-16-40-26-1-35-43-49-44-42-3-7-50]
45,3897,113132,6.304493,[6-42-1-48-10-46-14-7-40-16-17-49-35-43-38-47-28-13-18-2-4-45-11-26-24-5-15-27-3-22-8-41-37-19-33-34-50-39-12-9-25-31-21-23-30-36-44-20-29-32]
46,3828,109959,15.174687,[3-24-5-11-9-10-25-14-33-27-17-2-13-30-46-1-29-36-18-48-43-32-6-50-22-8-21-23-35-40-37-49-39-47-45-19-26-28-31-34-15-42-38-12-20-4-41-44-16-7]
47,3975,115021,5.968936,[17-33-27-6-48-49-20-37-10-32-9-7-16-1-29-26-24-19-5-34-40-12-14-50-22-43-47-44-3-39-21-23-36-8-28-15-2-11-35-42-45-4-30-25-31-41-46-13-18-38]
48,3802,109990,10.100828,[21-1-26-6-35-47-19-44-20-39-15-29-41-32-7-22-24-8-18-46-16-50-42-45-33-30-12-3-10-36-9-2-37-23-49-14-43-5-38-31-13-17-11-4-25-34-48-40-27-28]
49,3834,107270,10.282420,[33-44-30-16-27-47-36-40-7-20-37-1-49-5-38-23-19-22-28-6-42-31-50-18-15-12-32-8-9-13-26-21-10-45-48-4-3-2-11-46-17-34-39-41-14-24-35-43-25-29]
50,3901,109881,5.716360,[49-21-41-39-8-15-34-44-38-10-9-27-2-12-37-48-29-40-42-6-22-20-1-32-16-47-3-26-36-11-25-35-4-17-5-43-7-46-31-18-28-30-24-50-13-23-33-14-45-19]
51,4889,156719,9.554153,[35-45-8-6-47-5-9-32-10-1-22-42-38-31-33-17-34-13-16-46-39-24-36-41-29-26-49-20-12-37-40-14-43-27-15-48-7-23-18-19-2-4-30-25-50-11-21-44-28-3]
52,4597,142471,9.752884,[32-33-20-43-31-41-48-37-5-6-16-45-29-46-22-19-49-34-7-35-17-38-3-39-25-47-40-23-30-36-1-14-15-44-10-11-12-18-13-4-2-28-50-26-42-21-24-27-9-8]
53,4653,142477,9.983610,[24-49-16-27-12-46-45-6-21-23-28-15-14-39-22-11-41-8-36-5-26-18-2-4-40-37-3-32-31-38-35-1-43-19-48-44-34-20-7-33-17-9-47-29-30-42-25-10-13-50]
54,4734,146962,22.637844,[5-20-45-24-1-14-19-47-11-44-30-48-38-39-8-13-4-34-23-15-3-32-26-31-33-2-25-37-46-27-40-17-42-49-36-35-29-9-18-22-6-50-7-21-12-43-10-41-16-28]
55,4475,142901,10.153878,[40-48-4-2-19-47-33-24-23-16-49-13-7-45-32-18-27-10-38-8-43-50-25-26-36-31-22-20-17-21-3-39-34-44-6-1-14-41-12-9-42-15-29-5-28-30-46-37-35-11]
56,4557,143292,13.707860,[14-3-37-49-33-50-21-24-18-5-20-45-8-42-41-7-19-31-16-40-32-36-35-46-48-28-11-25-30-1-9-17-27-13-39-4-43-22-10-15-34-2-6-23-44-47-29-12-26-38]
57,4601,149130,9.310509,[4-20-5-41-22-13-39-38-47-30-8-24-14-21-40-28-31-11-45-34-10-46-9-1-33-49-48-29-27-36-50-19-12-3-35-17-32-37-7-23-6-2-25-44-15-18-42-43-26-16]
58,4708,150102,9.738946,[32-33-6-20-28-36-3-39-22-5-47-12-41-29-8-49-7-26-13-15-38-4-9-27-30-45-35-48-24-14-18-17-25-40-16-19-37-50-21-43-31-10-11-42-46-34-23-2-1-44]
59,4575,146486,10.214477,[37-32-29-34-14-31-43-28-17-50-1-12-46-9-11-30-26-18-24-16-8-41-48-35-49-21-47-36-27-10-13-7-33-42-22-19-2-6-38-40-4-23-5-3-25-45-20-15-39-44]
60,4802,150825,29.775896,[36-12-10-38-33-19-3-15-4-32-35-11-48-1-37-43-2-8-50-29-14-46-31-23-39-16-18-25-41-49-40-42-5-47-9-27-44-7-21-28-24-17-30-20-13-6-22-45-26-34]
61,6721,351164,28.681549,[10-71-93-55-40-39-90-31-45-94-25-9-22-70-67-37-73-41-86-81-100-43-3-36-66-53-14-77-64-33-50-68-84-60-19-56-61-82-20-12-59-29-83-96-8-13-4-51-15-6-97-17-62-38-78-79-44-75-27-11-57-48-74-18-99-95-91-88-7-32-76-69-65-23-72-26-85-58-28-87-1-30-46-21-35-24-80-34-5-98-16-49-2-52-42-92-63-89-54-47]
62,6635,339979,38.151602,[46-15-40-7-3-27-11-87-55-41-80-9-90-100-47-76-53-89-66-92-6-12-85-63-26-56-43-86-68-93-5-98-8-61-37-17-42-54-75-45-14-24-81-96-99-39-19-77-33-88-83-16-31-29-97-78-23-48-38-50-72-32-84-64-95-28-70-51-82-1-67-58-25-34-59-20-18-60-57-35-71-36-21-74-22-4-30-49-2-44-62-91-13-94-73-52-10-65-79-69]
63,6361,332268,29.074759,[68-30-59-45-26-48-82-58-43-41-38-54-81-93-24-37-80-27-78-35-29-73-84-20-15-52-33-79-4-69-7-64-67-18-57-97-28-77-16-53-91-95-100-22-1-2-71-90-86-19-25-61-39-96-12-89-10-11-51-60-13-32-44-75-56-34-42-40-6-62-99-98-83-3-74-46-63-21-9-8-31-5-14-70-76-49-92-47-66-87-72-50-85-65-23-17-94-36-88-55]
64,6187,341747,28.965862,[67-82-92-75-12-47-90-48-15-3-11-2-27-41-25-86-8-36-5-19-54-35-94-60-63-100-99-72-76-59-80-40-56-28-66-26-78-69-97-50-62-58-18-79-71-4-39-44-6-34-87-53-29-74-24-68-30-1-13-88-14-43-77-55-70-9-31-64-73-91-83-7-98-33-65-93-57-45-21-16-37-96-51-23-89-17-22-32-10-46-84-52-38-85-49-20-95-81-61-42]
65,6459,324303,29.101387,[72-51-21-47-63-39-86-5-29-87-58-98-74-24-2-77-12-33-79-68-10-16-82-78-67-55-88-59-15-65-40-62-6-32-54-76-70-92-95-20-26-71-23-9-38-45-42-43-80-34-66-61-90-85-4-44-8-99-100-28-64-94-57-11-50-41-22-37-91-96-84-7-75-19-52-73-93-3-60-13-53-81-14-69-89-48-27-30-31-35-49-36-56-25-46-97-17-83-18-1]
66,6413,334603,32.754874,[61-1-20-88-97-93-82-75-30-25-11-13-24-67-35-12-40-10-79-17-33-78-37-2-19-65-94-32-8-49-31-99-71-44-3-80-39-6-36-5-72-53-73-26-91-86-51-54-95-69-92-21-47-70-57-85-56-14-68-34-76-27-42-16-98-50-81-23-45-62-22-18-63-43-9-15-60-41-58-84-100-7-52-66-55-96-87-48-59-74-89-28-64-38-46-77-83-90-29-4]
67,6510,355668,31.981740,[45-29-86-36-63-33-46-70-54-93-43-67-37-52-39-31-74-59-94-9-21-69-61-77-53-42-62-96-89-14-16-6-12-75-92-18-84-49-1-24-80-30-19-78-68-17-44-57-65-90-60-58-95-56-10-72-26-83-73-51-23-87-85-99-38-32-41-34-25-88-48-47-82-97-91-98-100-8-64-7-35-76-13-71-15-40-81-27-66-3-11-4-2-5-20-50-22-55-79-28]
68,6391,320370,115.987922,[56-12-80-44-13-77-60-78-72-11-88-43-34-65-74-59-67-52-35-26-41-64-47-32-20-45-96-61-31-27-46-1-30-15-82-53-87-90-6-42-98-29-86-97-8-14-25-2-91-17-21-22-73-19-18-62-57-58-71-94-48-40-76-75-9-100-83-70-49-68-69-3-89-5-85-79-84-55-24-16-99-7-50-54-51-39-92-37-81-93-4-10-23-38-63-28-33-66-36-95]
69,6680,335816,28.789869,[70-57-29-40-19-51-5-98-96-23-15-45-65-50-6-54-35-78-33-92-86-27-36-52-93-34-79-11-80-4-58-44-9-43-28-90-60-84-63-1-48-73-16-85-59-97-100-61-56-69-10-66-21-75-53-82-12-83-39-49-95-67-31-37-74-88-41-77-30-14-25-7-87-76-62-42-91-20-81-22-26-38-71-94-64-99-89-3-13-46-55-18-2-32-68-8-17-24-72-47]
70,6722,328026,29.435261,[2-29-24-94-49-18-66-81-28-42-11-61-54-51-32-74-27-92-31-37-35-100-26-62-20-83-58-70-68-15-44-69-9-75-7-46-50-12-90-10-64-84-45-63-40-39-6-48-8-82-25-93-53-22-16-1-80-76-67-33-73-19-79-99-17-30-77-21-56-57-59-14-78-86-96-3-52-36-71-89-95-13-60-4-23-87-91-47-98-55-88-72-43-41-34-5-97-85-38-65]
71,7611,418253,41.637818,[58-44-70-5-43-64-15-31-36-20-47-38-35-81-67-78-62-51-2-88-54-84-19-60-7-8-86-91-53-49-79-34-57-85-6-46-92-98-1-75-48-42-22-80-73-32-14-66-76-41-55-50-23-97-65-16-10-4-68-25-24-100-11-89-30-74-93-87-39-83-29-94-71-95-9-90-18-33-52-96-56-82-3-69-63-13-17-27-21-59-77-61-28-99-26-45-40-37-72-12]
72,7309,399975,41.376688,[69-49-80-8-87-98-27-57-18-83-55-82-25-34-22-41-5-32-53-76-47-6-51-78-56-75-74-14-1-58-37-60-77-62-12-17-19-45-96-29-30-52-88-100-94-93-48-35-67-90-20-50-97-59-42-70-92-84-13-33-10-38-3-31-23-91-44-71-21-68-79-64-2-89-15-65-16-66-54-61-72-46-43-73-28-85-36-86-95-26-9-40-39-11-81-63-4-7-24-99]
73,7418,389615,45.565268,[58-39-94-42-34-64-92-12-57-96-49-10-100-84-62-1-67-11-79-7-41-52-89-27-22-80-14-98-77-48-13-44-40-78-2-5-4-28-9-15-18-76-32-24-16-29-38-73-87-23-66-25-56-21-74-61-83-51-37-59-45-26-97-19-33-68-8-31-47-71-3-75-43-65-54-91-20-82-72-85-35-60-36-53-95-30-93-50-86-69-90-88-70-46-63-17-81-99-6-55]
74,7652,407790,41.644221,[24-5-77-61-90-39-55-81-12-2-32-92-47-59-40-71-66-34-58-72-89-10-98-6-3-1-8-23-94-75-80-60-28-22-33-65-62-30-14-79-76-93-49-99-83-38-53-19-74-41-13-48-36-25-96-18-45-100-88-91-57-4-84-67-69-9-78-21-87-70-20-54-51-86-31-42-82-73-27-16-52-44-17-7-63-35-56-11-15-43-29-50-37-26-68-85-97-64-46-95]
75,7418,401011,42.556589,[83-79-75-56-57-97-70-10-81-30-40-23-71-77-74-85-53-59-73-17-39-27-16-32-94-47-89-20-28-55-18-66-72-90-11-80-84-65-33-51-49-63-5-48-38-92-29-46-68-37-88-7-78-45-19-14-41-9-36-62-12-98-2-24-1-15-43-34-69-21-93-99-76-87-82-13-42-25-44-4-58-61-96-54-60-35-8-64-86-6-67-3-22-26-91-52-31-100-95-50]
76,7192,384852,41.591999,[20-19-78-53-86-5-59-76-92-68-41-98-14-75-67-72-48-37-29-99-3-40-46-8-65-32-9-38-24-4-18-47-15-63-49-77-70-85-23-94-84-10-31-2-50-73-12-96-62-100-60-82-52-13-69-1-89-17-35-93-91-80-88-30-81-55-27-71-66-16-21-56-51-61-11-74-83-42-39-95-36-6-58-54-57-22-64-90-97-25-87-43-33-7-34-26-79-44-28-45]
77,7330,390036,43.139032,[56-64-1-39-27-35-59-33-4-50-42-70-23-37-15-95-18-29-66-89-65-61-6-87-80-31-99-26-74-48-63-16-85-88-5-49-79-47-22-52-28-9-24-86-14-83-11-91-40-21-45-92-43-57-93-20-82-78-30-36-51-98-77-58-60-2-71-25-38-32-97-8-68-55-44-62-3-41-94-96-90-17-100-72-46-73-75-10-19-84-69-34-81-7-54-13-67-53-76-12]
78,7357,404637,42.316405,[48-12-3-13-6-87-37-32-89-8-83-91-61-20-68-90-85-9-22-50-62-99-45-23-60-43-40-55-39-53-78-15-93-19-21-97-5-71-18-57-35-24-88-52-95-44-82-36-63-59-1-30-42-27-75-49-26-58-4-16-2-25-51-74-54-29-84-64-81-41-70-14-10-66-67-34-98-56-100-28-80-65-69-38-76-94-11-73-17-92-47-31-7-72-86-33-77-46-79-96]
79,7650,401400,42.338500,[87-43-91-98-64-9-46-54-23-53-73-15-57-10-100-47-67-31-66-80-84-74-2-19-21-34-42-52-99-18-95-60-4-6-75-92-29-1-12-27-37-3-90-88-45-28-7-5-56-20-48-65-72-11-49-36-71-61-50-63-35-24-68-97-79-26-94-44-93-22-17-13-39-78-32-69-89-83-30-41-82-70-14-38-85-16-59-77-96-40-81-8-86-51-55-58-25-76-62-33]
80,7463,412518,42.030459,[63-84-71-46-80-1-44-96-83-42-69-79-70-94-99-17-66-100-56-92-28-91-38-5-35-3-85-37-58-50-36-45-60-51-59-95-39-93-33-49-43-65-90-12-41-11-61-98-25-74-31-53-13-21-76-87-7-16-67-55-19-62-32-64-78-9-8-6-10-15-2-89-88-4-20-23-40-54-30-18-22-86-24-26-47-77-29-72-27-14-97-81-48-52-75-68-57-82-73-34]
81,8339,494549,69.354017,[22-24-83-79-3-53-76-33-16-18-91-70-35-6-2-21-81-49-10-55-100-61-99-37-11-68-42-66-67-63-23-56-96-29-72-85-34-17-39-27-54-25-9-77-86-45-31-98-51-43-5-74-44-28-92-80-65-94-4-41-93-12-30-60-73-82-88-84-78-71-32-26-48-20-64-62-15-46-19-90-57-95-52-87-75-40-14-58-7-50-13-47-1-8-89-97-36-38-59-69]
82,8327,478163,68.753327,[50-49-69-97-75-19-83-13-10-25-100-31-47-68-40-4-44-1-41-65-12-55-59-64-61-87-42-71-33-30-7-93-78-14-38-92-85-86-8-96-36-54-51-99-62-3-16-15-81-60-48-72-26-56-90-82-63-98-70-23-34-77-22-79-76-2-35-53-9-74-29-5-45-6-58-95-89-24-52-73-91-80-32-27-66-20-43-67-84-28-37-11-88-17-46-18-21-57-94-39]
83,8276,478637,66.846000,[90-11-23-92-42-74-95-37-64-10-51-24-9-44-48-94-20-63-4-22-5-14-25-36-46-39-3-32-88-67-33-16-66-12-80-81-17-71-47-54-82-70-61-7-57-98-35-6-69-99-91-53-43-40-13-89-72-87-73-26-77-34-1-58-29-78-31-8-85-59-84-97-49-76-27-52-68-96-2-38-56-50-30-86-15-41-60-93-75-79-19-21-28-55-62-45-65-18-83-100]
84,8339,489393,83.580004,[5-69-60-44-84-1-91-8-45-98-32-16-74-83-63-41-55-52-7-51-38-58-59-26-20-88-95-17-70-22-23-50-71-28-31-19-78-13-87-92-24-93-79-56-11-68-61-12-82-67-54-14-73-49-90-64-18-97-42-94-37-25-21-86-3-4-76-81-99-46-85-43-47-77-34-15-39-30-96-27-72-65-57-66-9-6-48-100-29-10-62-2-89-35-75-36-53-80-40-33]
85,8249,478672,111.622219,[33-64-10-71-72-58-50-97-99-87-52-61-27-81-79-17-65-13-83-37-70-85-26-42-69-2-16-28-76-46-94-66-41-40-57-53-82-62-86-20-38-88-75-93-92-3-74-4-45-89-60-29-31-21-1-6-24-55-80-67-5-14-96-100-95-48-35-84-23-68-78-15-32-54-47-12-19-49-98-39-91-8-11-56-90-30-73-7-43-36-44-22-18-59-9-34-77-63-25-51]
86,8331,483679,68.330538,[83-72-56-82-12-76-2-33-1-8-71-35-94-20-69-7-97-39-79-41-88-15-19-84-60-40-64-100-92-23-14-95-55-98-70-50-53-11-54-21-81-30-29-48-27-89-78-52-9-28-57-68-46-16-5-91-3-80-75-74-10-65-17-34-67-37-66-99-22-49-61-25-86-62-6-77-59-73-63-36-4-58-47-13-45-26-42-51-38-85-87-24-31-96-93-43-44-18-32-90]
87,8421,491298,67.605910,[57-49-93-67-33-28-3-1-19-20-13-59-94-30-100-84-72-46-11-53-14-98-43-52-48-89-31-73-16-7-82-55-45-63-34-58-91-25-95-79-92-5-62-9-37-69-29-90-97-99-6-32-65-42-8-36-17-61-12-80-70-51-39-18-10-71-56-15-81-77-54-74-40-26-24-23-60-21-64-22-27-41-96-85-2-88-83-38-47-4-87-35-66-44-68-78-50-86-76-75]
88,8470,491621,74.857808,[72-59-4-18-7-14-10-78-39-86-90-43-26-54-48-20-30-70-29-1-71-56-73-88-81-27-98-68-74-60-19-6-24-44-83-61-79-65-45-51-89-84-77-38-17-93-63-33-25-36-40-53-52-75-67-66-37-91-57-80-58-50-31-55-12-69-85-95-11-76-96-49-41-23-82-9-87-42-35-5-3-15-8-2-100-64-62-94-47-16-13-28-32-22-97-21-99-46-34-92]
89,8411,473502,87.235085,[43-89-7-75-68-2-80-88-3-71-66-24-10-55-44-54-60-78-74-84-21-16-41-47-35-90-96-5-77-51-15-49-50-22-4-46-42-59-33-1-45-19-64-36-17-63-95-86-31-94-87-12-14-69-39-73-61-82-70-6-38-28-62-56-79-13-85-65-26-30-20-25-83-27-8-93-99-11-32-100-81-29-92-97-57-18-23-53-40-9-48-67-72-34-76-52-58-37-91-98]
90,8512,497994,67.051137,[11-83-23-47-16-1-54-51-79-44-52-62-35-24-7-88-64-60-42-6-3-77-71-87-61-38-73-20-65-90-27-76-2-34-70-82-96-58-72-30-68-25-92-37-22-74-86-98-40-10-56-33-13-84-5-97-12-32-26-4-69-9-99-14-80-49-95-50-36-94-29-63-78-19-41-46-67-21-100-55-15-45-48-89-17-43-31-57-85-39-18-8-75-81-59-66-28-53-91-93]
91,14515,1514969,310.663004,[73-156-1-87-90-6-190-110-198-66-155-159-135-85-76-175-48-70-114-115-12-192-14-154-25-140-161-194-82-55-120-165-100-43-45-180-158-125-99-65-29-160-191-151-142-200-80-27-59-149-79-171-184-92-117-4-83-37-50-75-2-118-89-31-64-13-111-53-103-189-19-108-131-153-166-185-105-181-95-126-102-74-7-107-46-101-128-187-116-11-177-119-56-86-179-141-5-38-58-44-84-42-139-97-9-10-122-98-52-49-39-137-23-57-22-132-21-69-91-16-197-182-113-81-170-163-169-188-94-15-33-24-186-93-157-152-18-123-20-134-106-183-147-195-67-176-47-129-3-30-36-127-146-124-34-28-173-174-8-199-41-68-164-63-162-96-121-104-172-150-17-40-112-32-62-144-196-143-54-193-138-35-26-145-88-72-51-130-168-167-109-71-77-136-78-60-178-61-133-148]
92,14412,1469616,303.958052,[22-42-97-27-166-183-31-133-182-184-165-135-108-75-76-18-131-23-77-49-194-195-111-127-190-145-200-140-186-175-144-170-150-130-155-57-62-181-45-15-112-161-61-94-119-13-93-177-55-63-174-158-7-70-73-53-54-71-28-143-65-191-58-64-50-34-173-6-2-89-16-102-99-179-52-176-141-142-197-160-12-113-85-162-134-72-87-56-35-159-95-147-32-120-80-46-118-185-151-24-136-3-171-11-82-104-192-30-26-132-68-37-81-125-91-121-39-156-187-9-148-33-69-29-17-40-92-74-21-5-157-137-48-188-78-139-149-25-128-122-84-60-67-146-105-198-153-66-83-107-178-20-164-189-152-115-101-19-168-14-117-100-98-86-109-88-114-59-44-110-116-43-154-193-106-129-138-4-169-163-36-1-199-172-90-41-38-123-51-180-124-167-103-79-126-196-47-8-96-10]
93,14440,1449054,340.422937,[83-95-97-157-4-151-123-22-177-131-38-77-132-34-74-99-181-87-47-139-191-186-195-183-179-182-37-62-25-89-175-176-82-98-42-135-57-129-43-184-134-69-2-147-150-66-108-21-7-29-121-60-174-72-85-88-100-119-39-32-133-44-33-187-84-52-51-18-92-91-140-102-15-159-49-36-154-24-50-189-1-180-166-125-126-198-128-20-8-153-3-96-104-141-61-103-110-161-54-41-93-58-64-86-13-68-56-178-199-146-172-196-63-48-120-23-19-27-148-94-90-192-10-46-26-9-118-194-149-16-163-156-167-122-162-70-164-114-152-155-53-107-12-109-35-6-111-197-145-130-144-17-75-117-158-79-105-11-136-113-81-137-55-30-65-142-127-67-143-168-45-112-71-124-14-76-171-28-169-73-106-115-188-185-193-31-165-40-80-138-5-200-116-101-59-170-190-160-78-173]
94,14465,1463915,326.333899,[7-14-91-138-146-47-37-181-8-85-122-33-112-94-157-68-2-139-87-9-82-1-78-156-44-59-194-38-32-64-188-115-125-43-176-167-71-153-25-124-184-149-97-113-77-83-29-163-137-39-178-200-116-58-180-108-197-155-98-147-119-151-131-158-120-134-17-76-61-11-105-10-36-74-196-136-90-160-187-198-107-24-80-133-132-126-165-55-142-106-30-62-118-96-199-144-192-189-128-92-56-111-103-161-15-75-102-130-50-69-99-173-23-48-100-72-49-110-164-46-129-154-152-6-93-183-193-150-60-19-121-20-67-195-35-186-16-51-22-42-170-3-79-169-174-21-179-191-27-66-18-177-140-185-190-86-159-168-26-141-114-109-89-148-40-123-162-171-135-54-182-104-34-143-65-28-73-84-127-95-172-175-52-31-101-53-63-166-117-57-70-45-12-5-41-88-4-81-145-13]
95,14314,1426156,316.696430,[51-99-54-109-91-147-191-86-123-14-126-185-93-4-84-72-80-108-154-161-79-3-172-63-58-105-101-89-149-188-124-198-165-35-153-73-64-189-33-194-40-164-67-132-12-29-21-171-120-110-70-22-92-103-96-128-102-55-127-187-20-83-115-85-160-166-31-155-107-179-163-52-17-136-48-180-65-168-118-186-32-157-195-74-95-7-138-18-200-151-61-130-6-76-148-28-183-37-150-178-119-10-143-42-68-66-16-159-139-90-50-182-46-125-193-38-26-60-98-111-135-181-114-144-106-25-192-184-141-87-8-176-82-11-196-113-175-137-44-81-43-71-156-112-121-88-104-140-169-173-5-59-36-13-152-122-142-177-27-197-129-199-9-45-41-77-162-190-53-34-158-39-94-56-23-24-19-47-49-145-133-134-170-97-75-116-78-62-167-15-100-1-69-57-131-2-117-146-30-174]
96,14340,1523894,379.345331,[102-95-57-18-138-26-29-39-93-76-184-130-80-120-54-139-191-161-193-74-165-27-156-5-31-113-1-20-88-177-144-81-117-45-35-119-154-152-108-62-168-137-8-186-142-179-163-106-2-92-189-123-122-132-162-101-149-77-91-38-159-21-3-169-78-71-129-72-30-198-135-47-23-190-37-64-185-6-24-128-148-17-116-171-98-25-170-155-82-44-125-70-192-133-90-136-42-158-126-134-118-65-66-146-141-46-145-172-103-111-12-14-127-107-41-63-157-176-199-10-60-49-164-55-112-166-188-86-7-105-75-87-83-196-182-73-34-151-110-15-140-79-58-97-33-96-104-167-109-175-22-99-200-150-32-56-194-121-59-84-19-4-124-48-16-50-53-61-94-11-153-69-85-115-131-181-174-183-13-143-89-36-9-178-195-52-100-197-180-173-187-114-43-67-28-160-51-40-68-147]
97,14683,1507315,310.565570,[198-147-60-101-94-62-61-27-50-158-178-113-200-74-183-2-79-110-180-89-34-22-105-45-12-66-40-161-95-77-133-186-47-19-156-16-87-23-57-169-197-136-49-122-10-144-53-142-187-106-140-5-153-3-132-93-38-14-173-148-143-100-194-85-28-114-15-11-191-25-177-63-151-26-39-165-179-170-141-154-116-76-51-192-155-195-181-190-104-78-149-20-167-159-196-117-88-123-182-111-58-91-13-98-56-29-168-18-6-73-83-75-119-42-31-112-108-52-107-36-80-130-24-134-125-146-1-55-102-64-67-17-160-121-103-68-81-152-72-86-127-4-30-184-90-109-171-99-137-172-8-96-176-193-124-164-82-69-174-48-54-185-128-84-21-7-118-43-157-188-166-131-32-175-189-59-70-129-65-120-37-150-199-138-44-92-33-162-163-9-41-115-139-145-71-46-35-126-97-135]
98,14438,1520083,333.037007,[154-38-184-170-33-7-151-121-187-129-96-67-165-188-19-168-9-97-131-61-76-8-11-132-102-183-173-60-146-190-118-137-71-40-64-100-77-86-198-133-126-3-104-31-138-123-124-164-15-113-52-95-78-6-27-162-157-158-53-149-56-63-42-177-94-12-55-119-45-175-88-35-150-57-116-144-147-51-98-48-155-142-200-69-89-29-26-120-37-186-99-135-178-199-195-128-109-20-36-49-145-91-194-59-141-41-103-110-117-122-106-74-34-73-24-176-46-4-167-101-2-197-179-5-80-22-180-47-166-192-191-68-111-156-114-143-125-43-112-185-23-181-82-105-1-87-70-65-50-72-163-79-182-134-139-62-152-28-83-58-10-66-93-18-90-85-44-174-25-75-16-21-92-189-14-54-115-140-160-159-13-107-171-130-136-127-172-17-39-81-193-161-32-196-169-30-148-108-84-153]
99,14307,1445081,310.679034,[97-199-3-26-124-178-157-149-76-126-19-78-141-187-151-80-112-196-158-186-200-163-113-161-17-4-37-128-53-146-132-57-184-189-88-177-100-64-45-12-68-35-11-15-181-46-154-28-65-176-98-101-48-22-62-127-18-21-25-198-16-164-110-74-137-119-111-60-73-192-195-55-49-56-121-24-83-44-107-129-171-105-136-168-142-148-194-94-197-122-86-135-43-32-152-143-61-138-104-140-118-70-71-144-188-191-91-165-20-39-125-175-180-58-145-167-10-173-66-183-90-117-38-153-52-190-63-14-120-114-139-7-106-170-69-99-131-150-75-193-172-34-67-169-108-54-5-77-133-182-6-72-159-162-102-84-147-23-166-50-29-41-185-1-160-85-109-81-93-82-13-134-89-123-95-51-130-33-92-2-47-87-27-36-59-31-8-9-103-179-115-79-116-96-156-30-42-174-40-155]
100,14500,1461194,314.175515,[148-138-65-179-105-152-193-158-171-122-16-181-50-9-170-79-88-23-98-19-141-145-1-121-127-51-186-60-2-180-131-5-53-18-40-166-174-123-76-149-3-157-132-66-83-130-86-81-42-115-120-97-119-25-62-172-147-188-39-196-155-194-69-184-111-168-74-108-104-135-176-43-199-46-94-89-52-182-162-103-28-101-14-197-24-109-10-106-92-142-61-137-15-58-116-156-165-68-64-31-95-32-198-7-164-195-57-178-187-169-161-77-153-167-112-4-134-173-38-87-82-151-70-22-190-47-6-175-29-63-183-34-72-102-113-84-80-8-48-17-185-93-35-150-118-200-37-192-41-21-67-107-128-163-91-36-114-189-160-159-75-110-26-55-146-100-44-30-78-144-49-56-13-59-136-154-11-20-90-133-117-33-96-124-129-191-99-27-45-125-54-71-126-139-143-12-73-85-140-177]
101,15566,1657846,485.482202,[76-151-95-200-83-126-91-133-145-152-9-195-20-193-190-128-163-120-162-89-144-155-63-17-57-175-36-59-46-19-109-3-94-78-65-137-22-60-174-183-61-49-185-138-166-107-14-8-56-165-64-21-113-141-117-97-111-5-197-67-125-32-160-73-177-122-69-28-124-50-72-105-85-173-77-116-35-6-157-106-81-121-184-4-86-179-129-54-139-47-96-31-127-136-153-13-186-30-143-191-194-154-48-29-170-62-33-131-45-159-198-182-84-18-37-2-101-103-181-180-79-142-172-70-187-15-156-158-110-104-169-52-148-7-168-26-130-24-150-25-146-123-188-27-161-135-119-167-55-178-199-58-149-51-98-189-16-164-71-68-74-132-147-39-102-1-176-171-75-92-108-87-140-40-82-42-93-80-53-88-90-10-66-99-12-43-100-34-115-192-134-44-196-41-23-112-11-38-118-114]
102,15824,1687247,487.886416,[56-119-52-11-25-155-96-92-163-54-77-169-177-157-98-144-101-88-181-31-23-176-59-183-142-100-75-112-65-105-189-175-125-5-69-200-26-160-3-60-15-9-53-151-138-124-156-29-129-4-33-81-50-162-111-135-149-78-127-117-17-182-165-24-146-84-131-153-63-91-41-190-70-40-61-126-196-103-35-27-114-22-2-68-20-86-140-184-136-58-89-83-57-152-171-132-191-49-179-164-143-118-99-90-106-87-180-43-47-32-166-64-12-167-168-13-134-173-34-94-30-121-198-186-150-8-109-45-185-108-158-159-148-139-174-116-137-188-122-107-16-71-195-170-28-187-82-66-1-154-120-39-141-110-85-46-104-178-55-95-161-14-113-199-42-192-93-194-128-147-76-51-193-6-19-123-130-115-38-10-73-72-197-97-37-74-48-21-79-172-62-102-18-145-7-80-67-44-36-133]
103,15994,1717075,481.093430,[124-187-44-107-161-168-133-147-116-178-100-49-128-189-19-117-12-183-17-31-94-37-51-101-93-180-52-143-29-11-173-109-9-177-61-169-132-48-90-2-131-122-80-68-157-144-105-40-114-27-123-182-53-121-125-97-194-6-127-111-179-88-4-81-162-62-119-30-70-160-171-57-5-137-129-32-103-95-102-190-3-1-158-136-35-82-186-28-47-45-36-10-197-166-140-77-130-150-67-200-63-141-78-24-60-172-153-112-21-71-74-39-181-69-170-193-198-126-86-58-156-55-151-75-66-164-148-104-176-115-191-175-23-165-134-149-91-174-192-43-7-188-145-18-56-154-54-84-98-92-99-113-118-38-138-41-25-108-16-65-85-155-163-22-135-50-89-184-152-76-83-20-195-72-146-8-185-42-33-46-59-79-106-14-15-159-96-139-26-196-167-110-73-34-13-64-87-199-120-142]
104,15936,1690894,496.406862,[66-16-111-137-84-8-21-7-174-188-28-99-61-39-109-168-15-160-47-29-77-191-20-49-41-199-152-71-165-138-73-4-78-30-43-33-129-180-120-42-173-142-60-93-151-18-98-1-147-6-57-149-124-45-19-136-156-87-166-167-194-123-17-143-175-101-24-115-153-140-171-11-108-131-56-128-62-181-63-89-185-119-58-169-46-134-198-37-48-5-144-34-150-107-59-74-184-145-100-118-32-31-189-187-112-162-127-68-82-88-86-103-117-13-51-200-65-170-9-139-25-90-163-54-69-105-158-64-114-81-44-190-102-83-116-121-10-50-75-196-122-76-146-179-70-141-193-126-130-53-192-172-95-35-161-92-80-164-97-67-154-22-178-36-104-40-27-38-195-186-96-91-23-12-106-72-155-182-132-110-125-14-85-177-26-55-183-79-135-113-2-159-176-197-157-52-94-3-133-148]
105,15936,1680467,472.764679,[112-171-128-98-31-86-83-134-11-141-100-50-99-173-103-150-185-102-118-27-193-127-125-39-96-62-21-132-172-147-46-151-67-169-160-194-195-85-199-148-30-56-200-162-25-105-72-70-113-9-60-92-137-38-154-10-63-168-107-51-163-175-24-2-32-37-156-159-6-93-196-101-95-74-165-91-181-18-48-73-167-47-158-122-41-177-4-53-131-7-26-149-55-115-129-8-139-17-140-19-77-34-45-22-66-5-23-190-35-109-76-106-186-1-52-179-57-28-187-135-152-198-116-94-69-146-68-174-75-138-133-157-87-12-180-90-197-123-143-161-80-104-192-88-13-65-33-59-188-108-20-64-36-42-78-184-182-15-97-155-126-44-111-14-58-170-89-164-120-79-166-183-82-145-189-16-110-121-43-119-142-84-153-71-178-176-40-114-124-136-29-130-3-54-117-61-49-191-144-81]
106,15911,1728965,568.235759,[98-157-142-117-181-4-190-137-198-44-86-9-92-93-81-154-59-196-104-45-167-5-37-77-197-140-127-171-114-55-147-200-172-179-47-73-130-41-159-48-112-156-186-144-118-36-120-153-174-143-177-138-46-70-146-28-26-161-8-131-128-31-32-62-43-111-135-15-150-83-17-160-79-89-129-193-152-126-63-194-24-148-88-187-11-170-121-145-42-84-195-96-54-90-64-182-180-165-191-76-29-27-139-87-1-53-72-69-166-133-7-66-91-115-173-19-184-123-100-124-25-162-2-199-49-80-155-30-94-56-18-35-108-51-188-65-113-74-136-106-22-21-82-103-168-95-125-105-3-14-169-189-10-50-13-68-34-71-38-97-39-149-134-176-60-99-151-119-158-122-61-163-107-185-67-164-23-141-85-75-58-109-33-110-40-132-78-101-192-12-52-6-57-20-175-16-102-183-178-116]
107,16022,1725332,488.090484,[200-65-117-66-161-140-23-86-101-103-143-164-30-59-131-175-99-106-168-10-126-190-146-138-27-74-16-105-47-44-32-111-83-85-20-173-45-124-48-182-19-90-115-132-89-170-162-72-12-167-136-51-121-98-25-57-95-96-70-50-159-176-82-184-153-94-26-150-197-7-62-198-141-128-178-123-52-191-53-185-88-4-6-64-69-54-152-163-118-148-68-142-67-122-3-147-149-114-183-58-93-169-76-144-145-40-154-73-187-129-102-180-81-177-1-171-156-104-63-186-38-17-127-24-56-78-188-80-157-172-39-107-137-166-36-61-37-160-112-75-151-181-8-165-31-15-33-79-60-133-193-87-189-21-199-46-55-155-108-18-22-9-71-130-158-91-41-29-196-100-42-125-194-84-35-195-14-110-119-77-174-134-49-11-135-5-113-179-139-13-92-97-34-116-2-109-28-120-43-192]
108,15807,1664975,492.598748,[136-105-200-67-160-61-25-151-94-122-90-137-76-126-6-179-150-119-102-91-156-192-190-194-96-18-24-93-123-148-172-184-53-144-139-99-1-62-78-47-186-3-37-14-198-80-45-111-89-10-16-171-196-32-152-51-132-120-83-28-161-7-11-4-54-128-31-95-108-52-97-112-114-162-29-26-176-121-71-157-64-141-178-5-125-82-143-39-43-170-131-63-27-20-199-69-133-46-127-30-106-68-182-66-73-49-104-44-74-167-117-138-116-75-48-50-33-191-92-195-35-142-38-58-15-115-193-155-145-2-130-124-85-55-56-77-107-129-154-41-60-181-153-13-166-42-57-19-81-197-147-40-12-187-17-113-8-59-189-173-158-110-159-140-88-23-174-87-146-34-98-100-175-118-101-188-21-164-185-149-72-135-169-134-86-180-177-103-84-79-165-163-183-36-22-70-65-109-9-168]
109,15986,1726364,496.280450,[190-113-72-151-199-166-92-74-19-55-2-148-29-70-10-101-61-100-24-136-23-109-176-90-159-75-88-39-194-183-191-9-161-45-140-15-34-42-152-163-185-129-105-189-95-28-13-26-35-53-115-40-162-181-81-96-184-36-89-138-1-123-22-46-87-112-144-130-160-16-106-135-174-80-51-126-17-50-38-197-68-177-186-154-30-41-78-145-76-43-93-85-104-60-4-56-139-188-86-7-66-62-12-47-103-169-179-31-59-118-137-182-48-142-27-149-196-64-127-107-125-193-200-32-5-82-98-143-97-52-63-49-195-157-164-110-124-172-69-132-77-91-141-94-187-120-133-128-171-44-33-167-156-119-150-71-57-173-116-37-11-54-6-3-168-121-111-84-158-178-102-108-134-165-146-73-67-131-147-65-83-175-155-122-79-170-21-114-18-198-99-180-14-192-153-117-58-25-20-8]
110,15900,1706226,494.187648,[120-162-196-47-16-160-50-15-139-7-163-151-55-60-149-12-118-175-42-45-25-132-103-116-121-3-88-177-171-157-19-168-64-127-59-161-113-180-35-76-81-72-27-141-130-34-4-28-9-100-94-86-150-169-30-51-172-191-18-108-124-8-140-144-145-155-166-158-199-58-39-99-36-152-126-170-148-73-5-156-17-110-179-173-123-93-11-40-122-61-95-186-80-78-188-192-107-53-167-37-33-102-117-71-77-135-1-138-83-89-187-14-106-129-48-44-91-101-84-2-185-165-67-62-111-97-154-183-153-20-96-63-136-119-190-176-134-193-98-178-52-184-54-128-46-82-31-74-114-115-125-109-24-195-41-23-90-105-143-137-69-146-57-26-92-10-56-133-32-182-6-49-87-85-79-181-43-200-194-66-147-68-75-131-164-21-112-159-104-38-65-198-29-22-13-189-70-197-142-174]
111,38245,9943391,8674.289904,[128-145-407-242-469-331-5-273-398-159-307-101-475-288-377-436-248-161-125-151-341-34-19-29-237-54-119-32-424-113-191-84-215-452-369-295-183-364-33-39-366-316-194-255-318-276-259-171-306-379-278-88-422-185-426-442-343-225-43-378-299-497-217-1-311-285-157-243-410-250-109-201-356-111-121-292-277-329-425-212-230-293-357-219-268-434-257-491-229-390-66-74-392-130-163-232-391-14-344-193-279-174-463-77-336-450-95-182-135-481-400-79-189-445-412-325-233-382-120-298-26-18-30-368-173-178-165-138-156-414-353-380-490-133-139-358-134-388-467-498-296-477-320-460-262-416-162-440-123-246-155-387-411-309-323-354-87-371-48-266-427-384-370-59-50-213-499-286-37-409-210-326-56-334-206-176-363-81-283-150-297-351-166-494-46-69-492-100-253-301-275-462-333-146-484-454-361-141-247-51-367-240-91-386-294-438-415-202-3-107-355-148-270-90-254-403-362-435-470-302-192-365-218-487-97-488-36-471-394-38-4-177-397-27-495-373-478-480-226-429-221-472-8-322-289-82-75-346-347-402-61-444-44-122-127-23-461-280-385-86-352-195-500-199-60-76-376-308-224-92-153-35-432-281-147-65-31-464-258-179-220-207-418-303-149-235-483-102-41-284-186-104-381-136-421-211-93-486-265-197-80-25-11-175-7-188-6-396-493-57-117-96-479-89-332-209-78-274-68-252-17-169-339-129-200-420-203-465-272-271-313-459-448-160-399-40-180-312-168-451-108-256-404-446-383-15-319-260-457-375-328-64-22-290-164-348-466-187-337-449-455-172-144-482-140-419-118-441-98-310-105-360-222-474-406-10-2-214-476-103-137-114-132-154-304-110-20-184-349-374-456-70-198-447-47-63-85-236-251-83-238-13-261-473-359-267-227-143-241-249-413-142-49-372-131-239-190-405-263-423-282-73-327-9-116-389-72-395-314-340-62-115-431-42-335-24-244-468-112-67-94-430-106-181-245-321-126-338-408-231-167-45-315-58-485-345-234-496-342-12-401-291-170-264-124-489-216-28-443-324-453-458-21-53-350-16-305-99-287-439-152-52-208-433-330-196-205-317-428-437-223-55-269-393-158-71-417-204-228-300]
112,38626,9885088,8825.043304,[8-4-74-353-331-88-470-105-356-379-336-13-118-436-463-192-441-181-232-408-95-141-249-486-222-302-39-110-499-462-216-207-399-364-309-87-213-454-427-341-451-116-419-126-114-377-428-220-402-286-345-325-236-283-250-257-380-183-176-300-274-390-225-334-188-221-155-326-70-349-227-474-480-96-477-115-156-344-102-186-461-245-410-50-412-315-268-19-120-172-387-434-284-117-210-86-370-418-395-35-482-11-352-170-34-397-437-122-467-291-350-17-357-159-134-404-348-420-149-51-335-180-230-169-488-371-322-258-376-435-271-429-67-223-311-211-299-256-279-162-343-431-153-218-49-358-199-363-203-29-80-481-164-32-193-252-26-127-332-184-466-47-362-123-198-450-416-292-202-484-276-433-498-20-270-215-446-28-318-442-75-206-261-432-93-472-338-493-423-430-205-143-64-224-378-160-452-287-197-401-171-253-305-262-139-83-244-101-289-150-351-212-254-179-492-280-242-109-144-57-282-177-174-145-443-483-411-69-277-124-310-405-393-3-14-478-219-288-448-7-449-456-273-6-30-65-241-346-293-485-445-392-354-106-359-10-306-355-175-45-91-496-138-237-398-173-265-231-457-248-24-79-166-55-168-361-129-373-62-422-438-21-490-140-415-500-104-487-369-347-136-497-294-158-328-426-321-366-264-189-295-68-383-142-317-52-381-84-464-251-46-196-391-77-267-365-475-18-194-113-333-178-425-54-246-229-191-60-324-81-313-388-409-73-90-444-133-148-314-247-42-396-128-301-125-41-214-368-238-239-389-157-455-303-386-243-97-76-151-185-495-107-424-121-111-394-327-89-447-146-233-130-263-260-71-471-204-440-298-147-320-407-367-234-384-235-5-195-37-374-290-33-53-99-112-278-494-61-453-15-59-72-137-285-297-22-417-491-58-266-459-304-1-329-240-12-66-135-340-360-190-406-339-269-375-421-103-439-167-465-319-31-479-403-187-9-413-100-468-152-85-228-209-132-337-217-308-476-92-385-400-200-469-154-23-460-226-16-342-259-372-165-25-119-275-272-296-98-2-94-489-330-131-382-281-201-255-312-182-43-40-208-108-161-323-458-78-414-38-27-163-56-316-307-82-48-44-473-36-63]
113,37895,9785685,8781.834836,[162-31-71-419-443-144-464-491-356-362-329-77-259-190-32-75-222-86-37-111-69-457-312-400-99-95-440-251-421-289-80-479-366-93-401-6-133-13-199-117-466-365-103-120-51-380-124-63-384-49-478-72-260-165-2-64-305-324-337-208-210-253-136-12-261-244-65-275-116-168-465-379-459-145-9-90-284-360-425-422-158-445-237-106-112-497-55-192-273-225-91-186-46-290-227-487-369-354-297-30-428-258-38-281-372-174-271-434-239-47-490-243-214-8-217-446-4-181-326-307-135-342-264-121-194-132-406-134-79-20-318-215-403-390-78-36-485-229-17-188-154-101-265-26-142-267-412-415-346-351-304-231-327-67-311-137-104-341-54-291-449-176-195-339-197-248-171-331-184-500-257-14-451-163-193-150-315-185-139-353-94-363-455-433-187-236-498-427-33-249-450-110-306-470-320-234-173-35-92-474-10-294-109-68-108-439-328-370-453-246-179-113-300-426-141-286-480-385-349-59-398-256-114-70-29-15-167-42-436-62-408-156-394-148-203-283-128-405-447-252-460-226-118-276-48-317-392-61-444-240-1-321-202-76-416-278-198-287-50-82-3-58-138-347-166-494-393-424-368-266-377-43-452-414-340-486-277-100-282-410-254-417-115-131-219-182-430-102-407-325-105-161-146-399-348-11-23-119-471-213-241-25-299-191-221-334-420-330-34-302-280-250-484-216-270-462-200-404-352-218-272-338-228-97-319-374-335-476-177-409-7-24-358-438-489-463-371-180-397-242-268-5-96-391-269-232-477-170-357-467-205-386-87-21-389-189-483-395-296-316-364-437-230-212-83-233-343-84-441-350-52-378-473-85-396-60-373-123-293-344-211-238-151-388-308-159-285-448-432-209-303-481-292-361-345-235-81-74-310-496-402-153-245-16-66-207-376-288-73-45-88-223-178-183-279-499-22-27-313-375-175-122-309-355-435-492-155-56-152-314-149-359-333-130-411-413-298-468-40-224-172-53-107-220-381-157-495-147-18-429-19-126-204-39-98-458-129-322-382-461-206-336-383-125-367-332-301-262-493-143-57-140-442-160-196-164-89-418-28-456-127-482-274-41-323-423-469-431-247-295-387-488-44-263-454-201-169-472-255-475]
114,38506,9937326,8622.027630,[151-442-191-414-381-402-46-203-132-240-270-437-456-344-133-479-110-184-498-391-172-70-195-235-67-250-162-478-395-233-161-197-436-257-237-47-12-33-81-101-288-338-135-326-482-354-390-415-179-462-242-435-189-445-397-141-93-499-146-125-251-158-234-493-76-376-116-291-39-347-15-40-266-423-304-449-75-214-497-375-353-443-213-386-324-147-60-487-421-340-217-35-51-273-428-228-114-419-480-231-206-170-42-74-398-174-335-263-399-446-260-289-285-150-194-198-413-244-345-127-447-139-199-477-314-323-78-276-468-454-202-268-82-370-27-373-226-350-38-115-346-300-308-269-91-69-241-171-26-180-37-412-216-352-94-77-28-495-168-303-484-409-71-418-131-405-156-470-14-378-164-280-490-463-424-365-466-55-275-2-429-165-157-7-245-224-322-49-62-444-25-483-400-143-431-488-457-464-57-97-334-48-200-471-348-298-83-254-128-272-225-144-339-104-472-425-65-215-137-355-246-274-292-311-252-379-87-134-59-360-73-23-327-248-159-325-383-41-238-43-138-309-467-85-124-68-1-148-31-461-343-142-117-363-223-258-448-230-190-305-283-296-389-410-267-160-271-92-293-361-90-107-136-210-24-332-247-102-351-34-313-123-320-218-208-80-66-105-155-54-201-318-236-20-175-475-112-177-221-337-173-310-281-10-243-329-385-109-315-50-321-130-290-438-473-396-459-3-295-84-261-451-6-63-18-30-8-58-17-458-392-282-433-193-96-166-384-366-496-485-333-21-249-301-450-29-113-341-212-32-430-56-187-380-119-319-229-476-284-439-452-364-61-371-330-432-204-53-349-72-163-407-299-167-434-358-103-126-186-22-207-89-220-491-481-317-312-149-328-154-152-264-265-367-111-211-372-277-44-342-140-183-262-88-297-411-440-4-356-279-500-64-302-278-145-19-420-453-359-118-79-474-222-11-331-120-188-185-441-394-52-9-86-408-465-256-416-369-178-153-374-196-169-404-181-129-393-486-455-232-255-422-387-368-362-100-316-108-494-176-45-13-306-417-205-36-287-377-382-16-492-401-209-469-239-95-121-192-427-253-336-219-357-259-182-106-294-307-406-426-286-227-99-403-122-98-388-489-460-5]
115,38260,9847609,8666.642507,[102-57-144-448-468-496-81-391-379-483-29-475-326-329-482-52-246-309-32-333-59-424-169-5-440-427-242-489-405-95-464-275-308-349-304-244-153-13-498-168-16-297-217-463-124-266-93-134-361-307-493-7-212-19-84-152-69-406-166-432-181-323-268-45-450-264-207-215-462-283-202-282-176-18-474-17-328-305-137-280-172-230-428-43-274-382-195-189-306-26-107-175-196-396-145-355-254-418-347-320-86-74-481-33-360-179-8-82-458-371-216-256-39-214-164-197-186-41-171-103-447-465-237-332-384-388-178-327-315-492-363-435-62-346-90-203-451-138-87-206-314-98-156-219-477-88-245-389-257-364-238-385-123-358-471-234-58-25-422-21-128-291-239-182-155-55-456-80-115-442-142-162-437-255-380-22-419-287-48-193-413-454-352-174-262-224-345-446-173-73-61-350-35-72-225-170-416-122-54-120-392-208-150-253-110-408-441-461-453-487-449-319-414-188-70-9-318-250-67-404-147-279-143-236-322-89-485-373-159-469-455-260-294-4-285-231-148-401-185-160-91-284-75-491-125-232-180-96-258-494-316-36-47-365-157-24-192-293-154-27-129-119-325-425-386-204-229-104-295-130-302-484-317-233-267-68-330-430-398-412-340-198-235-114-12-397-288-100-76-20-37-331-111-194-276-495-368-292-187-270-459-289-3-139-434-60-11-452-417-423-438-277-108-165-46-472-499-71-127-116-131-105-478-467-444-429-269-473-1-466-342-421-42-34-407-78-311-366-220-400-113-226-375-281-344-393-500-409-112-190-126-227-399-263-402-411-271-249-94-66-273-184-390-243-65-490-348-299-259-121-343-63-247-133-241-205-228-210-480-2-31-321-223-395-298-14-49-85-136-146-140-370-372-310-354-251-272-6-28-64-30-167-141-303-362-415-460-183-97-261-151-106-38-221-199-79-77-117-211-40-290-443-403-457-337-56-53-278-286-296-420-51-387-163-132-101-161-357-410-336-476-445-339-378-486-50-301-479-394-158-135-44-426-209-470-367-248-222-359-439-109-338-436-10-200-488-377-356-374-83-191-381-218-324-431-335-300-383-353-334-433-240-313-92-118-369-177-252-376-23-213-265-201-497-149-341-351-312-99-15]
116,38560,9729280,8841.064526,[369-156-241-495-451-400-348-325-231-479-94-464-498-447-39-107-478-44-475-235-182-59-320-144-473-421-452-200-79-202-469-380-403-170-383-293-359-217-262-278-415-175-67-287-297-245-389-2-413-299-222-395-346-168-17-484-63-167-80-125-445-490-450-6-283-89-84-268-448-205-230-9-203-98-155-489-45-152-259-388-300-145-282-471-51-284-225-131-263-443-219-476-194-457-114-75-77-286-467-404-249-20-118-120-100-487-138-233-412-238-220-427-134-40-377-216-137-463-116-279-191-60-496-319-160-150-193-207-21-47-301-333-135-258-274-355-277-209-83-177-26-368-468-296-30-356-33-430-212-396-273-470-58-482-362-240-91-23-234-169-465-327-285-133-340-196-28-132-298-117-401-16-434-52-438-316-14-163-337-41-315-291-294-92-366-76-381-417-402-42-342-61-109-141-491-46-213-85-223-257-95-128-344-374-497-183-97-165-414-431-159-190-56-314-105-57-453-486-354-371-292-480-462-440-86-236-288-370-11-148-78-237-122-18-460-184-267-50-49-256-289-157-227-195-276-115-384-185-36-87-339-248-22-65-432-239-10-318-192-244-55-406-409-488-331-456-224-201-397-62-119-393-367-153-174-310-188-247-229-357-324-419-424-24-31-459-218-326-454-307-13-363-172-158-108-210-111-176-38-351-121-442-280-143-437-420-302-251-272-308-405-140-264-312-358-53-317-260-392-313-472-126-242-104-70-1-391-481-271-494-34-113-136-275-290-88-270-66-341-466-124-303-385-93-408-187-90-493-226-265-436-266-334-390-382-474-81-305-349-425-338-181-48-96-386-328-106-166-379-164-418-449-435-151-180-387-198-423-199-69-179-461-485-214-411-32-54-29-332-361-12-37-142-186-322-304-43-161-82-336-19-353-365-335-352-102-252-27-306-208-112-269-130-261-441-4-281-439-99-127-35-211-146-74-73-15-189-499-228-309-243-206-399-8-103-110-492-250-154-428-483-71-345-372-429-350-232-197-321-64-178-330-173-149-25-433-171-446-426-500-347-3-7-253-477-373-444-129-255-139-376-378-215-410-311-221-68-422-364-343-394-360-147-458-162-246-329-101-204-407-72-455-375-5-398-416-295-323-123-254]
117,38248,9666217,8528.794589,[464-112-422-57-252-295-237-344-22-6-387-203-352-106-31-303-461-340-19-159-314-363-16-271-311-275-14-331-425-152-36-316-351-144-222-357-282-103-54-300-397-382-114-215-318-263-218-365-420-353-157-267-161-168-396-93-117-234-321-484-448-4-312-238-276-494-394-169-45-13-345-56-499-127-171-189-347-358-229-380-49-102-438-440-140-119-18-390-84-462-260-447-324-187-278-213-434-251-194-223-78-313-305-210-486-310-500-5-472-113-242-427-479-70-332-416-385-495-265-145-138-373-3-20-172-477-192-377-257-216-454-182-337-231-185-97-236-81-233-319-289-325-446-430-71-415-405-115-444-330-62-456-244-384-355-401-436-105-247-52-219-375-85-322-299-98-308-301-320-431-458-163-165-17-372-307-177-491-290-195-349-27-406-482-2-298-261-459-150-429-264-364-326-266-196-292-476-48-273-230-475-79-51-369-371-76-226-162-212-277-241-89-360-7-107-174-151-135-451-123-356-178-25-224-1-450-72-412-239-379-285-176-328-42-417-87-69-381-471-374-473-227-74-207-139-341-255-205-63-413-442-392-333-181-294-220-211-66-147-143-329-286-166-350-110-283-86-463-65-29-124-287-343-158-361-120-15-142-335-306-50-393-38-302-90-10-367-272-131-455-423-95-293-94-217-389-465-118-296-366-426-133-232-225-201-268-170-445-136-249-411-253-376-214-155-173-398-9-489-83-77-240-141-116-428-284-487-404-130-46-432-202-126-53-410-33-26-209-493-180-419-228-317-269-198-418-408-175-359-11-59-246-441-134-245-129-370-99-64-156-281-362-291-400-488-250-30-414-452-183-280-279-368-467-304-197-188-23-160-395-193-478-40-490-466-24-92-378-21-80-338-235-485-164-12-256-125-460-433-167-409-179-221-248-243-336-44-43-449-496-334-75-270-443-109-402-288-132-457-208-274-100-154-342-101-41-73-200-424-55-468-148-470-323-483-481-34-254-339-128-153-386-82-37-391-204-39-206-104-388-68-403-149-480-108-474-47-297-137-492-58-309-498-439-186-199-453-262-435-354-327-383-67-437-315-346-184-497-111-348-32-61-399-258-28-146-91-191-35-121-421-122-60-407-259-190-96-8-88-469]
118,38276,9747031,8695.731365,[6-453-478-113-159-94-23-268-457-42-485-461-371-261-244-306-147-95-308-199-307-323-467-406-472-433-287-78-419-471-362-66-422-210-305-335-178-390-122-329-353-276-61-234-427-137-469-396-455-375-277-386-124-452-284-407-326-125-260-20-184-334-346-285-110-314-146-446-332-490-15-35-250-292-46-136-7-222-395-38-372-438-265-58-409-120-303-121-148-4-174-439-189-55-221-421-339-29-322-366-254-186-37-191-456-429-470-437-491-475-195-430-397-328-319-129-336-351-426-230-442-248-138-374-17-486-13-447-488-72-493-243-41-135-33-416-263-412-240-253-97-65-341-311-423-76-272-201-400-198-316-499-344-206-403-10-281-345-118-264-53-278-435-75-340-24-415-11-27-215-106-458-428-484-242-381-225-489-448-89-399-131-451-349-441-49-417-238-418-196-389-450-123-99-128-80-498-202-380-360-180-54-393-298-404-348-434-289-357-51-379-247-171-255-361-150-259-190-333-9-223-440-370-436-252-245-139-3-134-163-224-410-142-388-280-16-132-28-338-62-208-173-500-203-387-481-342-187-212-258-100-48-343-496-325-83-373-235-229-364-140-176-315-43-185-275-241-369-172-86-466-205-192-130-102-385-226-93-304-402-127-194-233-337-462-73-312-218-432-112-103-392-286-52-377-77-143-220-183-321-170-85-358-494-299-88-414-39-108-227-411-160-92-408-401-116-56-468-209-354-425-69-64-293-177-156-270-320-257-363-359-283-382-464-273-424-45-26-431-231-405-50-1-288-193-445-40-179-181-296-282-164-8-105-350-68-188-149-67-153-249-200-34-368-331-109-126-246-301-477-59-70-465-169-290-317-111-330-474-14-309-495-228-197-152-204-391-355-98-32-473-87-19-279-476-25-271-310-101-47-367-71-133-155-460-165-394-168-74-91-347-96-144-480-327-117-175-167-115-30-266-157-216-154-213-482-463-237-443-413-18-297-162-497-239-60-267-182-295-211-158-119-236-104-63-300-219-21-82-444-398-141-22-36-383-251-44-12-79-294-5-487-31-232-269-90-256-207-107-166-291-492-479-161-145-151-274-262-2-114-81-483-449-384-217-378-376-318-459-454-302-57-365-214-313-352-84-420-356-324]
119,38199,9803017,4811.062588,[355-250-36-322-493-64-308-76-339-31-186-284-154-394-216-468-238-358-69-180-419-466-451-37-412-293-10-273-441-400-96-416-268-479-242-24-72-51-279-435-108-90-187-188-364-424-73-342-460-472-81-215-368-382-270-409-30-391-53-408-395-275-320-363-245-104-405-79-445-335-344-500-340-287-483-330-371-169-23-199-229-63-25-374-166-7-475-252-120-125-285-172-249-189-129-336-444-205-60-442-356-175-77-131-119-200-178-276-105-177-211-433-225-378-201-316-40-385-307-17-260-380-399-348-449-220-253-100-221-272-349-38-256-406-28-46-152-370-183-376-217-298-283-443-75-402-244-150-455-149-482-477-232-373-496-258-304-323-334-387-277-107-20-267-379-341-413-306-495-476-78-480-436-347-462-300-66-11-174-255-360-459-153-485-313-173-281-85-192-54-26-448-297-2-168-70-414-19-331-389-303-117-417-430-264-390-130-315-461-29-452-247-490-234-243-204-157-489-62-464-465-404-67-240-228-48-241-289-181-473-310-156-428-481-203-381-115-148-57-262-397-12-367-61-365-326-45-431-39-14-71-463-421-55-427-265-372-145-288-165-491-434-332-411-74-415-319-52-88-318-233-263-471-457-338-470-9-140-450-4-146-324-343-167-141-143-314-160-164-458-362-407-101-94-223-426-206-208-366-195-83-22-282-161-219-317-159-185-158-209-295-218-122-138-251-254-487-50-128-438-84-13-133-392-227-325-447-92-357-410-437-135-41-162-224-469-34-484-456-299-384-99-176-467-65-383-305-18-190-42-425-257-453-418-327-286-440-494-43-106-58-49-21-274-497-359-110-352-112-15-198-302-498-142-194-351-118-121-139-423-354-212-454-5-134-398-182-393-35-207-59-80-420-333-294-350-98-353-345-213-95-230-27-32-312-236-239-91-111-309-191-44-328-151-237-377-369-361-127-56-171-401-86-329-396-132-136-246-248-6-116-446-33-222-439-196-261-292-193-278-271-124-474-235-68-296-311-202-432-266-486-87-478-422-337-82-137-16-386-290-170-301-214-375-155-103-114-321-269-184-179-97-499-147-280-488-291-8-102-123-93-89-210-47-1-226-126-403-231-109-3-144-429-197-163-259-388-346-113-492]
120,38746,10029142,4739.907624,[339-85-283-379-406-47-230-360-470-130-380-4-121-169-45-149-84-407-106-431-208-127-437-264-18-242-323-160-486-112-46-396-493-257-277-423-217-204-196-227-435-95-472-170-467-416-320-191-193-399-397-310-321-213-415-441-376-108-66-313-280-103-454-473-247-355-256-114-468-317-250-284-188-438-474-307-243-382-340-408-223-373-324-401-174-299-422-165-462-205-359-464-334-133-156-350-444-113-499-57-450-178-159-59-500-60-409-234-136-253-273-78-35-290-481-295-87-289-145-329-345-381-181-463-465-125-271-20-311-246-153-303-63-298-259-232-175-135-61-194-384-449-403-378-131-195-49-417-429-448-99-176-392-461-147-104-80-105-235-6-482-343-93-391-349-154-420-162-201-325-497-418-31-358-89-487-132-173-117-451-139-490-335-144-269-492-141-75-206-77-267-185-354-140-33-383-285-233-222-434-404-315-483-337-97-430-475-128-341-56-231-356-446-443-288-126-82-8-344-432-400-36-330-385-478-239-123-200-316-161-19-447-72-14-252-306-81-221-375-11-326-192-220-13-172-348-68-436-228-157-491-394-39-365-3-79-494-216-279-352-322-148-158-27-459-428-69-357-171-287-16-424-477-167-40-244-387-211-109-164-119-41-44-71-62-442-293-372-197-274-34-410-255-421-488-297-445-398-48-29-328-347-455-362-300-393-364-291-146-38-177-143-151-179-100-427-225-152-12-262-116-111-184-25-210-440-98-276-58-76-91-198-240-70-96-425-498-258-10-496-389-368-301-456-426-74-118-294-374-52-314-302-37-484-332-65-286-224-207-480-122-2-305-142-88-469-353-42-402-94-22-405-466-453-168-371-1-215-433-212-248-55-366-51-186-268-265-129-278-249-346-138-226-414-282-312-32-50-86-342-115-479-327-412-150-476-17-333-107-270-304-190-369-390-73-251-458-296-183-24-182-363-261-120-92-83-189-214-67-485-23-101-137-331-457-90-318-236-254-319-30-495-281-64-309-351-260-187-413-275-292-54-5-199-377-155-163-219-272-180-124-370-489-263-388-266-411-386-134-7-471-43-203-237-102-110-238-336-28-21-166-361-395-53-419-209-439-245-452-308-367-460-202-218-229-9-338-26-15-241]
