Data Set,cMax,TFT,Func Calls,Execution Time (ms),Sequence
0,32,130,14,0.029298,[2-1-5-3-4]
1,1289,15325,209,0.385132,[3-17-15-9-6-4-5-18-1-2-14-19-16-8-13-11-10-7-20-12]
2,1365,16436,209,0.357546,[19-14-6-20-3-10-17-9-7-1-4-13-16-12-15-5-11-2-8-18]
3,1132,15136,209,0.386383,[16-3-14-15-20-18-7-10-12-5-1-19-9-17-6-4-8-11-13-2]
4,1350,17219,209,0.364537,[13-16-11-9-10-7-14-20-1-5-17-15-19-2-12-8-6-4-18-3]
5,1305,17012,209,0.397317,[13-9-12-17-4-16-15-6-2-14-18-19-7-5-20-3-10-11-8-1]
6,1251,15868,209,0.248221,[11-14-13-7-20-10-17-6-16-18-8-15-12-9-4-5-1-19-3-2]
7,1257,16993,209,0.419336,[5-11-2-20-13-8-6-12-3-4-1-9-7-17-19-16-15-18-14-10]
8,1223,15735,209,0.235956,[17-12-9-2-14-4-10-18-16-19-8-7-20-5-13-3-1-15-6-11]
9,1284,16324,209,0.374932,[4-2-20-18-1-14-16-7-8-17-3-9-12-6-11-19-13-5-15-10]
10,1127,14849,209,0.322705,[5-11-16-6-19-8-3-20-7-13-1-12-10-2-18-14-17-4-15-9]
11,1681,23486,209,0.555264,[2-9-12-15-10-13-18-5-3-6-20-8-14-19-11-4-17-7-1-16]
12,1764,24888,209,0.591881,[17-12-19-5-15-11-10-6-13-7-1-3-20-9-2-18-16-8-14-4]
13,1562,22401,209,0.553348,[4-7-9-16-2-5-12-13-11-20-15-14-6-10-17-1-3-18-8-19]
14,1428,20560,209,0.560032,[3-4-20-18-9-13-16-1-10-15-2-11-7-6-12-14-17-19-8-5]
15,1502,20343,209,0.605640,[16-8-4-20-18-14-15-13-9-6-1-7-3-17-2-5-19-12-11-10]
16,1456,21268,209,0.528196,[20-8-19-11-18-14-6-13-4-5-3-7-17-10-9-16-2-12-15-1]
17,1545,20357,209,0.547377,[19-6-17-7-20-1-4-10-8-18-3-9-2-5-16-14-15-13-11-12]
18,1620,22592,209,0.549845,[8-7-18-14-20-4-19-2-9-6-11-1-13-17-3-15-5-16-10-12]
19,1638,23053,209,0.555849,[8-11-17-4-2-16-19-7-15-18-20-14-10-3-13-1-12-5-6-9]
20,1642,23236,209,0.587638,[5-13-17-9-4-19-7-8-16-20-14-2-3-10-18-6-1-15-12-11]
21,2443,37353,209,0.954972,[16-10-8-9-1-12-13-11-20-14-15-2-18-6-3-4-5-17-7-19]
22,2148,34245,209,0.895032,[18-3-11-4-1-12-13-16-15-6-14-5-19-10-20-8-7-17-2-9]
23,2429,37565,209,0.915466,[2-5-19-11-4-12-17-20-13-1-9-16-15-8-18-3-10-14-6-7]
24,2262,33315,209,0.916113,[14-3-18-5-2-8-12-4-6-11-20-15-13-1-7-19-16-10-17-9]
25,2370,37379,209,1.052345,[10-2-9-12-15-3-16-17-14-5-1-13-18-7-19-11-4-20-6-8]
26,2349,34487,209,0.902664,[18-6-8-20-16-9-17-4-13-15-10-2-14-5-1-3-7-12-11-19]
27,2383,36160,209,0.993258,[10-12-4-16-5-19-18-2-11-15-20-8-14-9-6-17-7-1-3-13]
28,2249,34881,209,0.962610,[4-2-16-10-20-5-1-14-6-7-3-11-17-19-13-12-8-18-15-9]
29,2306,35898,209,1.091725,[1-17-11-8-2-13-14-18-3-7-16-9-10-6-15-4-12-20-5-19]
30,2277,35107,209,0.909470,[6-3-17-8-19-15-12-9-10-16-1-2-13-5-7-18-4-11-20-14]
31,2729,86213,1274,4.964102,[41-26-18-42-34-4-25-27-45-32-49-28-21-22-29-9-2-43-5-8-14-44-15-47-1-11-13-6-17-50-16-33-10-20-7-24-31-12-39-48-23-40-36-35-46-30-38-19-37-3]
32,2843,83557,1274,4.487658,[50-49-15-10-37-5-33-7-2-46-27-35-24-11-25-48-26-41-13-19-29-30-12-40-38-34-22-8-9-32-39-45-1-16-21-17-43-3-44-18-42-31-47-20-14-23-28-6-4-36]
33,2650,78351,1274,4.569342,[27-8-2-15-37-16-24-3-33-46-5-34-32-13-45-20-10-4-47-9-43-40-1-38-29-19-50-42-11-31-25-17-41-7-18-35-48-22-28-30-26-6-44-14-23-12-36-49-21-39]
34,2782,82278,1274,4.495216,[42-26-12-22-2-9-37-50-4-3-32-7-15-16-24-47-11-10-5-45-6-20-8-1-46-33-29-38-25-48-17-13-39-14-35-40-34-36-21-27-18-23-19-43-49-28-31-41-44-30]
35,2868,86156,1274,4.816238,[46-48-3-21-39-1-8-37-35-14-12-41-2-43-40-23-22-47-16-11-15-31-5-4-28-24-26-6-20-38-34-17-25-32-18-13-44-30-36-49-50-10-29-19-7-9-45-33-27-42]
36,2842,85190,1274,13.365974,[41-4-21-5-35-44-10-9-23-17-29-7-15-49-20-3-24-50-13-45-30-11-39-38-6-37-18-19-43-36-2-34-26-22-28-16-8-33-25-46-1-48-32-14-42-47-40-27-12-31]
37,2769,80724,1274,4.225267,[37-5-13-18-15-8-27-21-25-12-38-39-36-43-10-32-30-46-31-35-33-11-44-48-29-9-2-6-17-3-7-20-22-42-49-24-40-26-50-23-14-45-4-19-34-1-16-41-47-28]
38,2695,81800,1274,4.553966,[47-34-7-43-25-20-31-36-37-14-28-46-16-8-44-19-10-18-48-29-6-26-24-45-5-3-39-33-12-11-41-15-32-21-9-49-1-23-27-50-30-42-35-22-13-17-2-4-38-40]
39,2587,79239,1274,4.561113,[3-46-44-15-18-49-47-33-48-25-2-21-7-5-19-34-30-11-32-20-26-28-1-38-23-31-36-6-22-41-35-16-37-45-10-50-9-24-27-29-40-39-13-17-43-42-12-14-4-8]
40,2800,86865,1274,6.165829,[6-1-44-34-48-19-27-35-2-11-49-8-43-24-10-42-5-38-47-26-17-46-28-16-3-14-41-7-18-4-40-15-39-31-9-37-29-13-45-33-22-20-36-21-30-12-23-32-50-25]
41,3170,101444,1274,6.537020,[25-42-20-44-33-34-31-36-38-4-2-30-15-11-3-49-16-28-23-37-7-9-17-21-41-35-29-24-22-32-40-12-6-26-43-47-14-10-13-5-46-18-45-50-48-8-19-27-1-39]
42,3047,95727,1274,6.370303,[12-47-42-27-49-33-38-23-20-35-9-39-34-10-5-31-3-43-29-16-19-28-26-18-6-32-4-25-36-44-50-40-21-8-37-15-41-13-22-30-7-14-2-48-24-45-11-1-17-46]
43,2972,92589,1274,6.704198,[24-4-28-25-46-10-11-31-3-27-41-47-32-1-38-20-45-12-9-17-29-30-42-43-48-13-23-26-33-34-35-19-49-40-16-7-2-50-18-5-44-14-6-22-37-15-36-21-39-8]
44,3166,101178,1274,6.479311,[20-5-31-33-22-36-19-2-39-17-14-41-47-40-21-11-30-6-48-37-23-32-4-38-1-29-12-15-26-24-16-34-28-46-3-18-35-8-25-7-10-50-44-43-13-27-45-49-9-42]
45,3174,103143,1274,6.510833,[6-46-1-14-33-36-42-11-10-31-49-38-17-12-44-5-4-47-18-40-16-24-28-35-41-7-3-13-37-19-9-2-45-27-15-20-29-48-8-21-26-43-34-39-30-22-50-23-25-32]
46,3146,99573,1274,8.948531,[3-9-5-24-42-2-40-50-27-28-10-14-41-12-30-47-44-29-39-33-13-1-20-48-46-17-32-36-18-6-43-38-22-49-11-8-25-21-34-19-26-4-35-37-31-15-45-16-23-7]
47,3268,102674,1274,7.296702,[32-9-1-10-2-16-12-28-22-49-24-37-19-5-14-45-21-50-25-11-43-47-29-3-44-39-8-7-42-30-15-48-6-34-31-20-35-46-38-41-17-40-4-13-27-36-33-23-18-26]
48,3140,101174,1274,9.076150,[26-6-11-18-47-19-46-16-13-50-43-34-17-48-2-29-12-1-44-8-10-30-42-15-37-32-24-3-4-35-31-25-33-45-9-22-14-23-49-27-20-36-5-38-41-7-21-40-28-39]
49,2999,94508,1274,12.094755,[33-44-22-27-23-13-1-6-21-30-37-36-39-16-18-32-47-28-48-31-4-8-9-12-35-42-15-46-50-3-2-10-45-5-11-17-41-14-20-40-7-24-34-26-19-43-38-49-25-29]
50,3208,103825,1274,8.842552,[11-17-24-8-27-47-39-6-1-48-49-22-42-40-15-16-28-46-43-32-25-26-20-34-3-29-35-38-5-36-44-31-12-19-18-9-7-41-21-37-23-30-13-50-4-2-10-14-33-45]
51,4073,141035,1274,10.835915,[35-17-43-44-20-27-28-49-37-10-45-31-33-34-42-6-46-47-32-14-1-24-29-41-39-16-8-48-38-19-15-7-22-26-36-2-21-40-5-11-23-9-18-4-13-30-25-12-50-3]
52,3969,135952,1274,10.938972,[33-32-37-20-38-45-50-14-36-31-1-17-11-42-43-26-15-44-35-6-29-5-46-18-10-12-47-23-13-34-22-48-25-2-28-4-41-49-39-30-16-21-7-3-40-19-8-24-27-9]
53,3857,127973,1274,26.743616,[24-27-22-5-46-16-28-45-25-8-26-2-3-11-35-36-17-18-15-23-33-10-37-19-31-32-38-49-47-43-30-6-48-12-34-20-9-41-29-42-40-21-13-4-39-44-1-14-7-50]
54,3932,133029,1274,11.318031,[20-13-24-23-40-5-15-39-9-44-30-49-18-11-17-22-14-12-3-36-48-21-31-33-34-29-32-7-35-43-6-42-2-1-46-10-50-45-26-25-37-47-4-8-27-19-38-16-41-28]
55,3875,133979,1274,20.021565,[48-2-40-19-25-43-33-4-18-45-9-23-20-47-32-17-34-10-31-22-6-38-5-8-39-27-44-50-13-21-28-26-42-16-46-3-36-14-41-37-12-29-24-49-7-15-35-1-30-11]
56,3913,134887,1274,12.491292,[14-3-50-5-13-33-21-42-18-37-20-11-45-48-16-40-32-46-8-36-25-34-28-49-1-19-31-2-30-24-47-43-39-6-22-4-26-10-12-15-41-27-9-23-35-17-7-29-44-38]
57,3910,135023,1274,10.761153,[4-20-38-2-23-47-12-46-41-26-29-14-8-28-45-13-34-5-15-1-33-11-49-27-22-21-24-32-36-31-50-19-18-37-43-48-10-35-3-17-40-39-7-30-9-6-42-25-44-16]
58,3918,136492,1274,10.739914,[39-32-20-6-15-26-3-8-31-13-21-25-12-41-33-16-18-49-27-30-4-1-43-38-22-11-5-35-45-48-29-24-9-23-17-36-34-42-7-19-14-47-37-40-10-28-2-46-50-44]
59,3951,135476,1274,11.174666,[37-32-28-46-38-29-30-18-26-3-6-7-24-41-8-17-22-49-1-31-11-13-27-39-42-48-34-10-21-23-14-36-5-16-12-47-50-33-43-45-4-40-19-9-2-20-25-15-44-35]
60,4043,140173,1274,11.695578,[36-8-33-37-1-50-3-18-49-15-38-35-47-12-19-9-31-32-10-27-28-44-5-43-2-46-4-7-24-14-11-41-21-16-25-20-30-17-42-23-22-6-40-13-29-48-39-45-26-34]
61,5514,337137,5049,34.280510,[40-96-85-90-49-31-11-25-22-9-70-73-41-81-91-100-67-44-57-52-75-43-86-27-2-37-94-48-63-78-18-45-17-42-6-51-89-36-97-38-69-62-93-74-4-15-3-98-13-54-19-8-99-53-95-77-14-39-21-60-28-32-26-64-47-92-76-16-87-72-5-58-7-35-29-82-79-24-12-23-83-33-80-34-68-59-61-65-30-50-71-46-10-66-56-20-88-1-84-55]
62,5284,316268,5049,32.984969,[46-16-88-33-45-77-86-29-90-7-54-6-24-59-3-22-11-18-64-74-4-21-2-49-30-84-35-87-1-44-36-71-89-55-91-32-41-62-63-38-48-27-95-78-94-13-96-23-81-82-39-12-50-72-14-85-47-51-42-67-28-97-57-66-9-34-70-73-93-40-26-37-56-17-100-75-61-8-19-52-68-25-80-60-65-10-31-58-20-76-92-43-98-5-99-69-53-79-15-83]
63,5220,311358,5049,31.891798,[42-68-41-1-12-14-90-25-82-30-97-45-16-70-86-100-62-54-81-15-29-74-23-91-77-84-20-10-63-72-87-98-4-73-21-3-66-78-83-46-27-47-37-50-44-75-49-76-6-24-18-35-71-5-80-99-92-93-59-69-33-53-8-79-56-52-67-19-85-95-34-9-40-22-32-7-64-65-48-31-26-88-57-58-61-36-96-2-51-89-39-13-17-94-38-11-43-60-55-28]
64,5023,305389,5049,35.499588,[20-55-82-81-7-69-26-92-98-11-70-94-72-4-71-47-90-39-12-74-6-48-8-100-53-29-87-15-34-41-45-24-86-19-5-36-75-44-68-80-30-99-2-25-3-27-62-1-97-40-76-13-84-10-91-65-50-60-33-43-35-32-64-89-17-46-54-73-31-58-63-88-18-22-83-9-79-23-61-42-77-95-66-49-59-78-67-28-85-52-14-51-21-57-93-16-56-37-96-38]
65,5261,313389,5049,34.310534,[12-72-2-57-41-21-67-92-20-86-56-7-47-69-54-48-59-65-9-26-23-89-15-45-38-35-42-55-43-14-71-81-40-80-66-34-31-6-19-96-32-25-3-62-60-85-99-46-13-75-49-36-93-100-73-30-95-84-17-27-90-91-29-78-70-52-53-44-8-64-4-88-5-74-37-61-76-39-10-51-83-97-33-16-82-98-94-11-63-22-28-58-68-18-77-24-50-87-1-79]
66,5152,306270,5049,32.685703,[49-54-57-20-39-37-85-88-94-82-81-75-41-74-60-59-84-64-63-28-43-10-30-13-93-62-35-52-16-11-25-66-55-27-48-61-24-18-45-87-15-40-17-19-22-58-89-38-33-46-96-31-79-34-99-68-23-67-9-5-97-100-71-44-14-32-7-50-95-76-98-2-21-78-6-42-56-51-91-26-3-12-80-86-65-73-72-53-47-8-83-77-92-70-36-90-1-4-29-69]
67,5269,312522,5049,77.454313,[19-45-75-29-86-41-52-84-74-26-37-25-56-51-23-49-34-73-65-83-9-39-93-43-88-31-36-87-30-59-63-47-95-58-90-78-54-18-57-72-44-17-33-10-94-97-60-48-13-53-42-68-69-67-92-70-50-46-11-82-3-27-61-1-100-21-32-38-24-85-99-8-81-12-66-91-77-2-35-76-80-98-89-40-4-14-15-16-62-96-20-7-64-5-71-22-55-79-6-28]
68,5105,293713,5049,32.976949,[29-42-98-56-53-21-83-80-85-15-47-96-32-31-46-59-19-54-7-34-6-68-62-23-82-55-70-84-60-100-97-44-94-81-11-88-4-37-10-51-57-38-63-58-77-71-89-78-28-50-20-24-2-93-26-16-39-79-92-3-18-69-48-43-33-99-13-61-49-72-66-9-65-12-17-73-5-27-45-75-67-76-91-35-52-22-41-14-25-74-1-87-64-86-30-90-95-8-40-36]
69,5489,316868,5049,31.888495,[70-9-84-59-63-19-51-6-58-28-39-49-95-2-53-57-73-34-16-80-10-93-75-81-97-100-5-98-96-23-67-37-88-77-91-26-76-64-3-62-7-92-25-89-99-14-94-41-50-13-30-31-74-87-71-12-20-33-46-42-27-38-65-86-36-35-52-22-45-66-15-79-55-85-78-82-11-8-32-61-44-69-4-68-83-1-54-21-18-56-40-90-48-60-17-29-43-24-72-47]
70,5346,325420,5049,33.145003,[55-70-83-29-88-9-24-81-94-93-80-79-64-84-71-40-17-30-14-59-86-96-6-78-3-31-89-77-52-36-21-82-39-19-43-16-34-48-63-72-41-8-5-25-13-73-69-45-97-56-99-95-33-53-57-22-76-67-28-91-60-66-1-85-37-15-11-49-61-87-4-42-44-18-58-51-98-68-54-90-32-12-23-50-38-92-75-100-7-26-10-47-20-35-27-46-74-2-62-65]
71,5903,350695,5049,45.275066,[61-21-58-77-15-35-20-60-44-5-67-2-42-37-64-57-85-29-93-51-83-41-95-73-92-16-46-4-6-32-49-1-76-71-22-31-97-19-66-23-63-33-28-55-45-25-39-10-70-80-14-27-90-8-86-65-48-34-89-98-72-68-9-7-96-84-17-88-79-75-78-24-18-52-54-56-94-62-11-82-43-81-100-53-36-47-38-69-30-99-59-91-13-74-87-50-3-40-26-12]
72,5453,329115,5049,44.607042,[24-46-80-8-49-87-65-69-12-27-54-78-95-17-43-59-98-22-88-41-32-90-66-14-37-16-96-72-57-29-82-84-35-50-52-68-97-42-75-19-25-18-74-94-93-64-5-6-13-48-73-77-58-9-45-20-100-34-89-26-30-70-3-67-33-61-79-85-62-1-53-39-15-55-11-83-76-91-60-71-31-10-92-40-47-86-81-63-44-51-36-28-56-2-23-4-7-38-99-21]
73,5767,354000,5049,44.893308,[45-58-22-34-96-27-84-93-48-4-61-54-81-97-49-3-10-78-2-30-90-26-62-52-100-79-59-7-75-32-19-31-64-33-68-8-95-47-66-14-85-35-71-1-76-43-50-60-53-67-74-11-23-92-86-25-36-73-13-44-37-29-91-69-51-70-65-20-21-42-82-80-77-72-87-28-56-98-40-88-16-63-9-89-41-17-38-83-24-5-12-57-99-15-18-39-94-46-55-6]
74,5945,349233,5049,45.308904,[5-24-2-32-92-81-61-47-76-31-56-49-96-55-41-83-40-75-59-93-66-53-99-88-46-67-78-16-6-21-100-90-71-25-18-45-36-91-48-57-86-20-4-80-54-63-51-9-27-34-87-84-60-7-43-73-1-8-28-14-10-29-70-74-82-11-52-42-35-69-58-44-17-37-89-15-94-62-33-26-72-65-50-30-79-19-64-12-3-77-22-39-23-97-38-13-95-68-98-85]
75,5654,330044,5049,44.967379,[75-56-57-95-90-88-36-83-80-10-87-30-51-13-25-63-28-23-33-66-55-45-59-53-74-97-60-37-79-27-92-84-44-93-1-2-18-41-4-61-40-49-34-89-68-73-71-6-72-58-85-12-65-96-77-8-35-70-16-86-69-17-39-15-54-81-26-19-21-9-47-78-64-24-5-99-38-100-11-7-42-94-48-62-76-20-29-43-14-82-22-52-98-31-91-46-67-32-50-3]
76,5443,327594,5049,44.231941,[53-18-86-97-9-76-68-90-4-85-25-46-28-47-84-67-99-80-98-74-79-35-77-19-75-10-48-52-31-30-50-73-21-62-1-92-71-69-93-2-94-95-8-55-89-13-88-17-58-41-27-87-51-61-72-91-11-33-83-29-63-38-81-42-23-49-14-56-37-15-66-100-60-20-39-34-5-54-6-96-16-64-22-40-70-26-57-7-32-36-43-12-44-45-59-82-3-78-24-65]
77,5661,344598,5049,93.044116,[99-56-53-64-37-97-48-83-9-28-92-43-8-40-70-50-4-95-21-19-55-94-26-42-100-68-20-82-78-30-93-90-36-51-10-84-60-66-46-31-71-57-2-61-33-98-67-72-17-58-34-96-23-15-11-45-18-75-63-44-89-80-77-49-27-85-41-62-74-81-35-16-91-87-1-69-86-3-32-24-14-73-5-25-13-39-29-47-52-65-59-7-6-22-38-54-79-88-76-12]
78,5731,341960,5049,59.704037,[12-97-14-31-6-56-15-70-34-93-78-83-39-69-19-38-9-13-87-71-67-37-75-30-22-89-68-35-99-32-60-16-4-43-26-88-36-18-52-95-62-21-100-5-82-42-61-84-80-50-54-58-8-51-23-49-46-94-44-29-74-1-90-27-45-85-24-64-77-91-57-59-41-92-28-76-65-7-25-2-98-72-73-20-86-17-96-3-40-10-63-33-79-55-81-66-47-11-48-53]
79,6010,356006,5049,48.674951,[54-15-84-2-5-44-12-40-41-1-51-43-77-20-19-45-61-28-47-59-88-70-71-50-56-82-16-39-35-22-68-69-13-30-31-97-78-32-4-8-14-55-100-27-93-89-17-37-7-63-81-64-26-10-79-58-25-18-52-76-62-33-86-94-29-57-83-87-42-11-72-48-49-24-66-96-34-80-60-65-73-38-36-85-9-75-21-67-74-90-6-23-53-92-46-99-3-98-95-91]
80,5911,349748,5049,44.638725,[63-66-57-97-71-46-8-96-40-1-20-80-10-28-19-88-50-37-74-83-58-11-45-98-95-51-35-39-47-44-18-23-12-15-85-60-78-22-49-61-93-92-25-33-27-30-90-43-65-41-99-59-26-4-67-13-84-3-38-5-36-21-91-53-77-16-70-31-76-64-54-86-2-79-32-55-94-7-24-87-56-75-89-42-69-72-6-100-68-29-17-81-52-62-9-14-48-82-73-34]
81,6600,418861,5049,129.245048,[22-31-54-78-79-90-3-77-97-33-82-40-59-100-16-21-91-73-28-18-1-99-80-10-24-63-11-61-34-96-66-4-67-71-65-32-70-30-76-87-47-62-56-15-35-86-81-45-93-85-6-46-53-23-60-20-17-83-48-51-39-12-27-2-9-64-29-95-55-74-26-57-37-52-42-19-8-92-58-43-88-72-84-98-25-68-75-14-69-7-94-44-38-5-49-50-41-13-89-36]
82,6603,420448,5049,77.884217,[50-69-5-75-29-82-76-58-59-68-31-49-72-14-79-89-42-64-36-100-1-4-41-46-87-10-3-32-99-77-15-23-20-2-71-19-62-96-84-93-78-30-33-63-88-47-7-80-65-21-26-97-86-73-35-66-43-53-8-67-38-83-85-44-52-74-60-25-22-6-13-45-28-9-48-51-27-37-11-81-92-56-54-34-90-24-40-91-17-12-98-61-70-57-94-95-16-18-39-55]
83,6583,414996,5049,95.409402,[87-10-11-96-97-5-54-30-74-12-22-16-41-42-51-25-4-99-57-98-9-56-92-88-44-1-46-94-77-64-90-47-75-2-78-81-28-71-17-70-69-66-50-24-20-58-35-33-21-67-6-37-61-13-48-63-27-80-38-85-34-31-52-32-89-39-3-53-18-43-15-23-72-60-26-84-36-49-86-76-73-7-82-8-40-19-29-14-93-68-79-55-62-83-59-65-45-91-100-95]
84,6571,417757,5049,77.708394,[69-1-60-8-16-52-44-45-26-49-92-68-58-43-98-88-64-7-48-100-17-70-78-74-29-41-61-9-54-85-56-13-86-83-79-55-59-67-77-31-32-95-38-25-46-5-76-11-94-37-50-23-87-28-63-96-14-91-3-12-89-90-71-82-72-42-22-84-93-24-2-39-4-99-15-65-20-6-21-19-34-51-66-81-10-40-47-18-35-53-30-73-33-57-62-36-27-80-75-97]
85,6659,418681,5049,71.902339,[33-14-78-30-98-64-10-65-5-28-12-58-85-16-17-94-18-73-2-46-60-70-36-52-95-32-69-56-72-74-21-37-54-76-50-40-82-97-96-22-68-20-88-100-92-53-4-26-45-81-51-29-93-62-41-1-67-8-6-48-3-24-49-66-35-86-38-15-75-57-71-79-39-91-61-47-27-31-59-89-7-77-99-23-55-90-87-11-80-84-44-34-43-13-83-42-9-25-19-63]
86,6691,420725,5049,83.248125,[86-72-56-88-39-8-33-12-71-7-55-92-60-28-76-98-94-82-21-58-1-99-23-68-66-11-83-96-78-22-13-97-10-15-45-100-43-81-26-59-31-80-24-67-52-38-9-20-87-79-57-46-19-65-74-51-75-69-64-6-85-14-37-77-89-17-91-84-34-16-25-4-5-3-54-62-48-70-36-47-40-32-49-93-2-29-53-18-95-35-27-63-30-50-73-41-42-44-90-61]
87,6632,417028,5049,80.718838,[57-49-85-62-48-96-7-52-86-66-28-98-39-32-1-14-20-95-45-13-43-25-89-72-100-59-24-47-91-21-82-5-84-12-97-87-64-19-69-73-22-78-6-88-58-18-77-80-27-65-23-71-33-2-9-8-44-61-16-92-99-30-17-41-40-29-3-90-35-94-67-34-70-51-56-93-53-11-83-38-42-55-79-36-60-31-54-10-4-26-74-37-50-15-81-63-68-46-76-75]
88,6807,433660,5049,139.553907,[39-22-87-78-72-67-14-99-100-71-31-18-69-56-59-73-81-44-32-60-7-62-10-49-23-64-66-37-86-41-61-43-48-93-29-68-28-53-4-79-27-36-65-63-83-96-19-57-51-9-5-24-76-77-12-45-70-40-54-74-30-52-90-98-25-17-50-11-38-75-1-21-91-89-2-88-84-35-80-15-33-8-34-58-85-82-55-6-42-95-16-46-13-3-94-97-20-47-92-26]
89,6621,418057,5049,70.986802,[81-7-43-34-63-96-50-90-21-55-95-9-2-74-75-80-60-46-59-33-45-1-78-86-54-44-14-62-19-99-31-28-12-3-65-15-41-69-94-26-68-24-39-82-16-61-17-58-73-40-47-76-25-32-22-13-36-84-89-53-18-8-56-4-38-6-57-37-30-11-79-93-51-70-27-64-29-85-10-92-77-88-52-23-97-20-71-87-83-49-100-48-66-72-42-67-35-91-5-98]
90,6697,429592,5049,70.340875,[77-56-6-54-51-83-81-24-35-60-47-87-62-1-80-21-2-70-90-74-100-12-33-25-92-31-98-37-86-15-40-89-23-52-7-34-5-65-32-88-17-64-46-48-84-10-97-67-94-63-9-68-26-22-4-95-43-69-79-82-76-41-91-50-18-61-8-96-30-14-42-57-39-45-72-27-20-13-71-16-99-38-3-36-29-66-58-44-49-85-11-53-78-19-75-55-73-93-28-59]
91,10942,1261549,20099,368.840511,[66-172-195-155-194-127-106-36-2-107-179-117-18-151-115-42-132-17-13-187-141-149-108-95-26-102-86-192-54-74-131-193-38-189-153-138-174-71-32-46-185-128-121-116-154-11-48-114-119-62-181-7-129-56-4-12-58-105-20-196-24-19-81-112-126-44-40-122-5-166-101-144-89-143-145-88-184-70-35-171-87-72-198-9-110-175-82-25-53-10-79-139-140-63-28-199-8-21-97-69-31-92-75-83-177-80-200-118-22-59-76-51-55-197-27-182-134-91-14-84-190-64-41-162-60-30-186-123-173-165-120-164-104-47-135-150-100-176-96-159-98-23-158-57-94-163-68-156-33-37-52-16-125-142-85-93-170-111-183-50-43-15-191-169-161-77-6-146-49-178-109-160-3-29-45-34-1-113-152-130-137-67-157-103-90-147-180-73-167-188-168-124-136-78-39-65-61-99-133-148]
92,10671,1248157,20099,331.150301,[137-68-184-133-7-170-96-183-117-166-141-178-19-143-25-108-130-45-31-148-145-150-181-146-46-98-113-163-70-27-112-33-187-134-179-144-106-152-42-191-28-176-24-1-72-114-102-66-173-131-110-153-43-197-155-135-56-169-120-159-58-2-85-154-160-168-16-6-20-90-193-59-95-80-151-3-89-35-41-129-119-199-83-87-167-185-180-162-121-192-93-200-12-76-51-172-97-140-18-156-9-4-123-5-157-82-60-116-132-29-11-40-99-81-38-105-52-64-21-138-88-171-165-124-92-149-198-139-32-78-39-48-84-53-115-71-54-49-147-36-195-118-75-128-103-30-23-142-26-77-67-50-122-174-109-189-107-175-190-86-91-74-194-62-22-37-55-101-34-14-164-186-17-125-65-158-73-161-127-79-136-15-69-111-94-63-100-188-47-177-104-61-182-57-13-44-126-196-8-10]
93,11061,1264164,20099,459.299207,[83-133-97-157-166-95-2-151-99-124-114-38-132-34-158-63-87-165-161-112-54-25-56-182-107-55-120-123-109-162-110-130-90-79-142-200-71-47-185-86-53-136-188-194-105-163-167-164-139-169-6-16-45-140-156-30-122-80-117-145-149-65-31-181-118-46-76-137-138-144-74-152-111-113-172-10-11-127-35-67-12-73-4-197-160-106-193-115-75-36-177-17-70-171-179-143-92-196-168-174-24-131-58-40-94-26-19-77-7-190-48-5-155-41-81-22-23-148-199-37-13-187-27-184-44-116-9-170-121-59-183-175-141-49-189-104-191-8-21-178-14-82-146-72-29-159-153-192-96-103-66-68-61-128-64-85-62-195-186-93-28-60-126-108-50-42-150-98-125-1-198-180-154-57-18-134-119-3-101-147-88-100-20-43-69-89-129-33-32-102-176-91-78-84-173-51-52-39-15-135]
94,11057,1270368,20099,425.806821,[7-168-191-50-185-102-195-118-39-44-35-5-14-197-182-190-179-200-155-184-138-9-29-19-40-27-186-42-95-49-37-148-181-110-100-70-141-165-83-73-154-127-85-172-129-109-175-152-48-34-1-46-89-93-164-28-114-143-139-65-177-72-68-79-77-31-22-156-16-198-171-53-101-84-63-52-113-140-121-94-166-20-12-162-26-187-135-60-157-167-88-117-8-104-122-57-54-169-98-123-51-45-149-108-112-78-183-6-66-193-150-2-21-18-75-124-194-33-174-41-97-3-4-170-82-47-176-116-130-159-55-103-146-180-67-58-43-161-151-15-81-107-106-36-74-30-38-132-62-119-86-59-163-125-69-142-126-87-23-173-133-24-80-92-96-76-178-105-137-115-32-13-61-145-64-188-71-91-192-144-189-25-10-120-11-153-134-111-128-136-99-158-90-56-17-199-131-147-196-160]
95,10683,1237304,20099,446.806721,[192-99-181-106-147-154-58-73-114-54-18-123-163-26-111-80-144-178-109-76-187-7-183-150-168-20-152-83-119-21-148-170-169-113-72-121-17-177-79-103-98-88-142-175-23-129-185-56-137-110-67-19-190-75-112-49-38-9-41-89-116-140-182-153-179-199-133-39-27-78-44-34-162-62-45-47-145-53-158-167-24-104-10-43-134-115-197-141-100-66-64-15-59-164-102-166-173-5-50-157-196-156-1-16-176-198-36-85-107-188-165-81-138-194-130-57-13-126-42-118-122-87-37-71-160-128-200-28-68-77-3-143-52-31-40-91-92-120-2-25-12-74-155-82-48-8-29-6-151-180-117-139-127-95-108-136-4-171-93-97-51-69-101-159-135-94-60-61-65-132-46-161-191-125-193-172-189-96-70-195-14-55-33-90-11-32-84-184-63-35-22-174-146-131-30-86-186-105-149-124]
96,10426,1209878,20099,385.841573,[95-9-63-34-92-93-25-146-156-141-77-47-107-115-190-78-62-99-170-49-118-43-111-127-165-21-162-6-106-102-17-139-182-2-39-71-135-157-59-129-130-169-191-140-199-150-5-32-122-119-76-7-113-3-57-128-46-56-117-188-45-96-86-110-24-31-123-105-81-27-66-97-179-144-171-55-168-12-200-177-36-64-193-145-175-100-194-98-163-196-50-154-121-149-67-187-33-19-184-70-172-88-136-185-161-83-22-75-4-38-189-80-84-15-148-104-91-166-30-101-120-61-116-35-48-198-16-85-54-197-65-151-53-125-158-11-155-58-1-44-159-41-126-82-20-14-167-74-108-79-186-176-164-124-192-133-94-10-173-52-26-112-174-73-143-90-138-42-142-137-152-37-109-29-72-114-8-180-23-60-13-132-153-134-103-87-28-195-131-51-40-18-181-89-69-178-183-160-68-147]
97,10965,1255262,20099,368.753386,[198-147-135-165-60-101-63-151-187-75-62-61-155-25-159-20-76-116-158-119-31-22-117-105-131-140-40-100-200-90-37-110-18-34-129-133-106-136-85-120-123-32-130-15-107-47-199-94-91-6-170-113-45-197-74-150-99-27-12-152-141-48-174-175-79-193-176-127-24-186-146-188-166-134-68-82-138-69-125-16-103-137-172-80-21-104-55-89-128-30-132-157-64-124-171-154-164-118-84-59-43-189-81-1-92-121-143-95-8-96-153-183-54-72-28-67-19-70-86-44-87-2-3-7-102-65-66-83-156-4-190-194-142-5-33-50-10-185-162-148-53-77-36-29-178-51-57-167-73-181-161-9-169-144-160-49-111-17-163-114-122-14-180-42-192-184-109-149-13-23-108-52-195-78-182-93-88-71-112-11-173-38-41-115-98-191-139-177-58-35-196-46-179-56-39-145-26-126-168-97]
98,10831,1265660,20099,332.611714,[112-65-19-163-179-168-154-72-118-131-28-26-33-106-125-7-100-21-184-126-137-81-174-190-110-54-195-5-123-187-77-104-193-138-79-15-177-31-6-186-61-57-78-88-124-178-113-157-142-53-23-115-161-64-69-58-13-199-99-140-42-133-71-35-41-159-164-95-145-198-158-4-32-36-136-107-80-3-47-121-127-56-181-172-63-17-93-40-141-160-155-89-130-122-86-22-134-175-87-92-39-20-62-149-29-146-51-14-27-194-189-59-117-200-52-139-98-173-171-66-144-196-91-128-37-82-2-147-9-12-150-162-34-109-120-48-44-135-50-97-101-116-188-119-94-102-169-24-176-10-151-55-132-129-45-83-183-197-70-60-76-191-103-8-192-170-165-96-49-16-46-30-11-143-25-182-111-73-166-43-18-38-67-68-114-156-180-167-90-85-185-105-75-152-74-148-108-84-1-153]
99,10608,1211757,20099,351.237165,[199-141-124-97-11-3-149-54-88-126-19-34-171-24-67-91-41-80-29-43-159-118-194-55-104-138-25-20-125-177-68-48-101-36-73-111-83-161-31-112-185-134-61-39-123-178-92-32-130-163-47-200-196-33-85-2-60-147-49-13-121-10-16-168-160-23-192-153-129-173-66-99-152-108-102-189-6-56-182-175-193-52-63-14-190-75-50-87-198-120-166-114-90-38-139-167-183-131-1-89-95-69-28-186-109-172-51-98-8-142-133-17-58-117-45-82-7-93-81-96-143-164-150-94-184-9-27-127-86-148-135-77-107-103-145-136-181-110-140-59-5-122-74-197-46-12-176-113-132-179-84-79-169-72-105-116-146-64-37-21-53-70-44-137-106-154-162-57-180-100-188-195-62-191-151-156-4-128-187-65-119-22-30-115-78-15-26-165-71-157-18-158-35-76-170-144-174-42-155-40]
100,10799,1253664,20099,342.136516,[149-148-138-179-105-193-53-75-83-110-21-171-55-200-82-26-70-146-65-91-114-177-61-137-16-36-115-67-113-17-49-118-160-191-93-159-106-124-122-5-183-34-99-30-9-144-78-15-72-6-102-151-44-56-133-117-103-100-120-84-42-150-98-13-107-189-129-33-59-173-175-162-166-20-90-31-132-63-24-188-104-27-35-163-48-45-92-18-134-4-112-181-22-14-128-125-190-10-156-192-185-81-169-187-54-135-71-37-95-143-2-74-29-41-186-142-195-40-199-153-94-38-57-11-46-50-111-96-8-141-164-88-127-170-182-167-108-3-154-87-174-155-77-58-32-85-64-180-136-178-23-80-158-66-172-139-145-161-51-196-165-197-69-152-7-43-194-101-198-86-116-52-19-68-97-79-131-130-28-109-176-123-121-47-12-62-25-1-76-157-119-147-168-184-89-39-73-140-60-126]
101,11632,1361991,20099,527.669348,[83-150-138-144-76-14-146-20-151-163-128-62-63-57-92-166-133-131-94-49-72-111-79-75-167-162-86-126-188-29-158-101-172-122-173-95-125-13-67-147-170-136-124-152-16-175-39-40-43-130-107-69-17-171-46-137-22-119-10-48-71-5-194-129-154-141-113-80-132-199-77-12-105-116-135-8-42-93-140-70-182-102-110-54-84-148-164-35-117-7-85-23-104-6-52-127-51-89-180-197-88-200-168-19-98-184-21-25-56-33-121-183-18-59-106-186-1-153-192-99-108-143-37-58-36-190-66-139-178-87-176-195-81-61-149-169-109-47-26-155-156-161-142-189-181-160-45-157-187-50-103-90-34-115-60-2-198-3-134-64-24-91-31-196-15-9-96-53-28-123-179-78-4-97-118-74-145-44-30-55-32-120-68-100-177-191-185-38-27-11-65-73-174-114-41-112-159-193-82-165]
102,11811,1421504,20099,519.261326,[56-132-176-92-60-135-57-184-91-149-97-152-183-171-134-45-70-186-74-163-169-150-193-54-181-15-178-198-69-156-4-52-147-19-96-125-46-165-30-170-196-78-11-35-174-79-185-108-17-93-10-188-6-100-41-40-61-136-67-18-116-12-158-122-71-113-129-88-195-31-43-159-187-107-115-191-138-38-128-16-168-26-76-28-5-121-55-63-105-137-87-8-25-126-192-29-1-36-66-161-180-42-102-175-179-39-142-98-13-101-23-77-86-95-24-103-200-124-104-173-65-143-199-197-110-68-119-182-51-151-9-82-148-167-99-75-90-155-172-112-59-47-21-32-83-49-120-64-50-106-33-123-109-131-194-14-72-146-162-144-84-81-154-58-139-34-177-189-80-111-141-27-85-20-89-22-94-164-37-160-153-130-190-166-62-118-145-157-7-114-73-2-44-48-53-117-127-133-140-3]
103,11813,1421285,20099,528.877241,[124-113-187-161-192-155-66-189-28-45-175-81-3-79-11-169-102-163-144-168-130-126-104-154-57-121-76-151-39-183-36-53-181-82-84-23-63-16-185-47-190-49-179-21-107-98-37-197-171-137-68-128-152-193-67-86-26-38-182-180-138-164-69-1-111-4-147-158-188-15-150-31-122-80-184-186-24-195-198-72-101-149-118-123-166-92-17-119-61-41-127-34-8-145-78-108-60-64-75-18-196-174-56-172-160-136-32-85-74-65-95-91-117-200-162-140-12-115-99-143-71-29-165-106-70-191-5-6-50-153-93-134-89-176-173-42-177-141-20-44-129-167-14-43-55-54-116-22-62-148-25-94-73-13-97-133-135-19-131-178-2-100-30-125-51-48-194-110-112-114-156-103-170-157-199-96-109-10-40-59-132-77-58-27-7-146-139-159-33-83-46-105-90-9-87-88-52-120-142-35]
104,11749,1400795,20099,554.683230,[47-78-162-174-191-20-8-177-7-36-179-60-105-129-153-192-71-189-44-51-123-103-37-21-70-143-58-172-54-107-66-43-126-95-108-87-112-46-137-131-194-141-159-145-119-196-77-52-33-48-3-144-10-180-195-1-117-12-19-40-74-86-4-91-53-102-116-152-171-140-35-104-127-150-101-17-63-181-193-5-84-139-161-64-76-13-111-14-38-56-157-62-83-155-25-2-128-27-121-130-190-97-138-163-122-18-114-92-59-81-187-198-106-134-173-132-120-182-75-200-80-176-185-11-32-136-85-16-146-96-65-57-41-72-151-115-156-50-26-183-23-100-149-166-88-199-110-55-154-79-118-89-98-68-186-22-90-45-82-31-69-30-67-135-73-39-184-28-109-175-61-42-9-49-142-169-6-125-165-15-94-24-147-113-197-188-160-164-124-167-170-34-158-93-168-29-178-133-99-148]
105,11712,1370320,20099,515.836287,[112-193-70-169-107-176-100-97-91-103-110-86-173-99-50-29-175-178-19-28-128-77-142-123-134-105-42-162-196-195-31-4-30-35-171-80-45-46-98-26-148-48-38-180-120-94-62-74-17-144-55-72-92-151-85-159-13-138-43-83-41-163-118-198-5-47-53-154-14-160-150-22-117-33-109-147-15-111-188-174-64-158-51-132-155-7-166-75-21-108-187-90-136-78-96-113-183-124-192-3-25-131-190-2-57-179-6-18-143-73-32-161-76-11-146-125-40-167-12-165-126-84-88-10-164-27-69-121-133-152-197-87-34-63-89-182-59-130-36-104-65-106-119-82-20-8-145-184-135-170-102-122-44-79-127-189-140-58-68-95-60-200-141-172-139-116-157-9-93-177-185-114-153-186-71-54-16-66-156-191-168-61-49-67-199-149-115-37-1-129-101-52-24-39-56-23-194-137-181-81]
106,11663,1390794,20099,670.501284,[98-157-44-180-158-42-137-117-195-181-154-115-114-152-108-150-147-121-192-97-78-160-143-163-45-96-46-176-130-172-174-142-39-162-32-198-80-3-99-13-48-36-100-51-16-104-62-161-120-59-4-5-31-8-47-196-139-75-177-43-110-182-56-122-71-148-77-131-41-190-54-73-25-199-85-119-40-151-72-82-95-103-89-113-93-35-200-111-165-63-91-49-69-166-87-135-118-168-133-88-191-92-66-53-153-169-140-34-126-136-145-94-28-193-173-127-29-164-74-18-185-23-58-70-170-50-167-7-187-64-134-76-156-124-171-26-27-144-84-37-106-55-146-183-159-129-14-24-138-186-123-83-179-61-19-128-22-12-184-1-188-21-20-65-107-67-2-125-105-102-189-79-132-33-178-30-68-194-6-101-38-10-175-141-86-57-112-81-60-197-109-15-149-155-52-90-9-11-17-116]
107,11828,1427777,20099,537.280381,[23-168-65-143-163-32-116-45-80-136-51-69-106-15-162-167-153-169-20-56-89-166-159-85-57-115-183-200-95-9-189-67-62-198-78-63-191-144-36-11-101-188-84-87-145-3-142-44-180-171-111-1-53-88-148-177-176-24-127-70-81-94-38-91-39-172-37-154-75-72-46-61-107-35-58-157-194-184-33-50-150-156-129-102-151-118-79-124-195-100-60-110-138-4-196-7-55-133-73-14-114-109-42-149-52-193-41-8-185-16-108-139-10-190-68-175-93-141-161-128-178-119-83-125-158-112-82-123-54-130-137-74-17-152-147-49-179-19-25-18-186-160-90-21-76-48-47-77-12-31-187-71-96-117-174-140-134-27-131-40-165-164-64-181-30-92-113-5-6-126-105-197-155-99-132-98-104-122-146-59-182-86-66-2-28-135-173-170-121-34-192-29-120-43-103-22-97-13-199-26]
108,11818,1382894,20099,514.353926,[52-90-136-115-16-31-105-67-113-196-1-199-104-32-114-76-164-64-28-17-10-14-184-20-30-117-197-45-129-93-58-169-38-21-162-126-36-61-94-135-49-192-109-147-187-4-39-122-59-8-108-29-88-146-47-195-12-170-40-15-97-42-96-112-60-75-131-180-18-37-127-157-41-119-125-155-139-43-172-91-167-86-173-194-189-153-193-149-159-140-188-63-142-200-102-74-120-124-89-2-3-138-92-174-181-78-13-81-111-191-116-83-166-68-110-77-107-48-79-148-130-161-165-85-87-26-182-7-101-186-56-190-100-34-133-158-144-27-46-72-9-82-154-53-99-25-24-66-123-6-73-62-11-54-118-98-44-95-168-19-177-145-103-57-134-185-23-69-84-175-178-35-55-179-176-137-143-33-163-171-80-132-151-141-71-121-128-106-198-5-51-152-22-160-70-156-50-150-65-183]
109,11704,1409600,20099,518.000933,[113-191-103-130-109-22-149-55-190-19-176-69-91-166-94-146-48-73-39-76-9-141-74-57-127-134-189-17-123-160-68-158-38-86-167-37-66-112-126-45-161-136-27-12-79-77-16-61-60-42-186-70-120-53-163-97-87-140-6-193-188-21-28-96-153-162-157-148-95-11-118-101-78-132-200-159-59-175-194-4-105-106-90-111-54-15-133-155-197-178-82-179-137-5-131-34-168-192-47-104-187-44-122-13-182-75-88-196-31-52-116-35-181-177-170-89-23-33-30-125-26-56-138-173-114-64-174-10-124-7-65-49-50-199-169-81-83-102-80-164-184-98-92-85-41-142-195-171-67-143-32-46-72-139-62-128-156-40-100-119-115-51-1-152-183-18-43-144-107-99-93-110-150-29-198-154-63-108-121-36-135-185-58-71-172-129-20-145-151-84-147-180-117-24-3-14-2-25-165-8]
110,11844,1409785,20099,572.772729,[121-189-45-132-151-162-30-159-55-86-68-102-178-197-141-32-124-72-153-42-2-192-120-183-117-41-171-99-196-37-191-48-36-145-146-5-152-114-96-199-43-49-40-128-82-200-87-168-119-39-97-31-33-180-98-70-156-166-148-173-140-88-59-161-69-138-91-110-179-58-9-14-194-90-73-26-109-111-170-15-155-113-92-107-63-190-122-17-129-79-181-125-158-184-78-35-126-108-71-175-38-136-188-167-176-139-24-3-123-64-89-44-62-193-23-57-25-185-8-165-11-20-157-19-81-118-105-103-112-143-50-172-80-51-93-195-16-85-115-28-134-127-47-84-7-144-106-177-4-60-53-65-135-56-187-12-101-18-104-182-61-147-52-164-54-10-74-131-133-83-137-22-34-21-169-67-75-154-95-46-198-94-66-130-27-163-149-29-76-150-13-160-142-116-186-77-1-100-6-174]
111,26824,7553622,125249,8880.696379,[128-145-288-112-485-158-22-16-475-315-53-244-216-189-39-172-341-248-369-280-24-183-43-412-143-182-338-88-298-411-83-61-122-377-282-327-58-52-438-193-292-469-205-26-335-257-151-256-440-491-48-447-324-382-225-36-2-398-217-17-104-299-332-224-68-125-159-336-479-339-129-56-499-439-408-116-365-152-219-235-443-284-384-418-342-181-252-316-344-306-140-23-90-60-410-286-44-493-428-486-96-78-99-333-25-169-378-370-74-380-69-311-487-381-212-283-86-187-308-8-383-334-161-441-190-429-270-461-228-460-285-419-37-397-373-488-207-49-303-31-236-433-209-432-210-178-409-166-87-296-474-353-470-41-66-165-97-492-1-160-478-371-46-150-275-358-310-59-477-102-484-326-394-466-258-107-254-494-35-200-330-362-176-386-89-297-415-142-148-351-325-11-240-250-490-180-355-141-233-115-206-92-62-195-100-247-329-465-452-51-319-376-157-274-201-110-500-457-136-147-301-313-29-471-264-402-57-243-237-367-186-464-379-6-363-179-253-390-262-454-375-483-202-271-199-168-496-4-79-456-420-265-50-81-279-374-435-346-480-153-211-149-372-146-192-347-63-421-30-343-249-322-337-3-498-396-10-239-188-314-302-294-98-76-80-124-273-111-38-229-130-220-127-230-221-289-328-277-203-174-416-95-272-132-320-114-82-446-173-444-65-404-436-162-77-175-290-426-276-213-177-7-473-246-459-307-234-304-105-434-401-197-424-388-133-350-93-75-348-120-33-27-32-413-117-34-260-472-109-448-164-392-126-425-356-361-407-196-167-255-155-231-119-85-64-455-42-414-12-134-497-137-403-364-135-214-13-385-349-268-395-360-449-387-267-423-208-15-70-354-357-238-139-91-138-222-227-45-218-123-259-266-406-405-154-453-368-359-309-318-391-170-287-331-251-442-430-73-28-20-121-463-118-489-352-481-451-400-427-103-163-67-232-323-291-5-495-204-101-458-19-21-14-191-226-305-340-293-399-261-198-47-345-40-156-18-94-317-263-144-184-482-281-54-437-422-366-269-467-445-215-113-312-55-194-242-106-389-108-9-431-241-321-393-84-71-131-295-171-278-245-476-450-462-185-223-72-417-300-468]
112,27052,7719706,125249,9004.294421,[8-4-386-378-57-472-76-159-468-332-289-50-253-169-150-20-350-488-48-446-19-282-179-492-79-407-334-421-338-399-346-18-106-148-265-490-93-204-364-363-49-120-212-443-12-269-403-74-248-70-270-180-117-274-450-463-353-47-146-322-10-126-42-251-214-375-221-357-356-335-196-256-379-140-311-227-112-471-14-448-88-172-319-203-92-41-52-105-25-475-347-325-298-165-397-219-331-131-2-59-15-206-308-209-156-376-449-424-152-345-383-85-132-127-13-294-393-453-213-371-497-344-266-151-183-462-46-321-278-100-366-113-374-186-211-240-328-263-431-257-84-39-355-417-425-72-155-320-359-290-477-272-21-137-154-419-58-138-22-456-469-297-273-258-494-189-330-5-220-404-410-409-166-415-24-7-277-342-66-302-188-402-283-264-385-205-228-428-167-389-174-239-491-303-118-157-422-384-245-341-292-329-195-37-394-455-451-369-158-232-326-395-372-134-103-476-348-68-305-423-317-401-200-178-235-101-23-327-94-199-460-436-465-90-267-236-291-111-295-268-96-485-365-226-216-499-441-249-495-98-470-434-234-259-3-464-162-430-123-288-145-164-233-185-110-474-254-489-478-141-304-337-300-182-11-396-168-243-400-225-380-177-181-444-250-405-351-115-102-45-352-222-479-142-107-71-296-377-336-333-285-187-467-124-413-426-306-83-128-483-459-6-315-114-361-1-61-122-354-418-498-147-373-381-160-73-89-493-91-198-299-43-99-62-484-116-275-246-17-287-215-284-191-480-217-207-301-390-194-173-125-108-247-81-440-293-307-324-276-486-135-67-452-362-133-360-433-340-9-161-487-121-442-398-176-392-31-64-139-349-16-391-40-136-500-339-208-313-427-314-201-466-244-310-69-382-86-370-97-238-30-447-439-119-255-461-316-281-34-210-104-260-368-445-55-87-223-286-143-65-190-202-60-411-406-149-429-29-473-358-231-416-241-192-129-33-387-367-458-53-54-262-130-481-318-218-237-175-412-229-279-435-312-44-224-454-77-170-343-153-197-496-144-28-388-438-252-75-171-82-80-184-482-230-32-414-420-437-35-26-261-457-309-38-78-271-323-163-408-27-95-109-36-280-242-432-51-56-193-63]
113,26919,7536964,125249,9005.562929,[329-38-99-31-162-28-71-90-363-247-133-365-91-253-337-160-117-176-423-50-259-163-193-456-443-421-389-16-305-145-52-2-55-499-181-344-497-310-351-48-388-492-393-395-235-299-3-230-245-77-207-251-185-46-96-391-43-66-401-379-63-309-290-312-425-33-136-295-124-315-479-333-494-131-435-303-490-89-70-390-424-372-335-360-11-149-439-487-45-65-340-374-414-197-76-37-241-62-101-167-115-281-227-407-410-470-69-378-174-168-56-234-284-14-256-342-111-17-114-271-130-215-275-10-336-430-148-493-446-54-339-442-265-325-223-134-252-19-53-238-21-304-12-264-81-151-121-483-146-86-444-152-116-283-139-278-500-433-420-354-157-204-236-203-61-240-47-25-118-129-219-464-406-436-102-82-301-417-154-409-394-191-373-334-364-399-489-463-194-384-460-332-471-68-326-302-108-491-92-321-385-156-398-291-352-166-105-462-34-246-254-476-109-228-88-79-107-172-438-1-224-371-39-427-258-202-396-250-440-78-468-316-226-178-161-95-218-220-180-179-188-94-392-320-405-314-85-370-216-349-138-242-132-322-106-306-286-15-122-498-458-434-142-495-18-382-187-103-330-268-249-195-328-239-110-285-477-282-40-353-343-294-404-453-113-171-221-225-355-59-22-97-419-484-287-20-182-222-400-416-98-288-213-125-403-397-317-158-411-119-270-67-380-42-448-164-447-244-80-57-381-211-455-452-104-4-177-348-200-422-408-485-8-318-369-75-377-217-449-280-147-173-307-262-359-457-415-36-376-23-277-7-243-267-297-289-137-412-141-356-206-338-486-346-212-429-60-269-144-496-186-367-345-459-298-466-426-175-83-150-229-184-327-358-331-87-35-319-272-26-311-276-189-84-450-308-6-135-413-341-128-205-465-313-474-261-248-402-480-437-387-24-274-461-27-32-73-469-357-366-170-428-153-201-5-93-386-13-72-445-214-383-231-478-51-441-123-375-74-127-58-233-451-112-292-159-199-126-183-49-257-30-473-190-350-237-64-368-208-488-210-232-192-293-100-140-279-260-296-361-266-482-467-300-418-431-324-165-432-209-120-263-9-481-472-44-143-29-155-41-347-323-198-169-273-196-454-255-362-475]
114,27033,7590623,125249,8927.323987,[151-1-165-126-103-381-139-402-117-142-268-481-154-325-194-89-171-434-172-342-185-471-442-312-120-301-133-203-46-159-364-40-11-331-270-413-384-163-296-470-197-330-200-68-280-67-148-479-293-114-73-496-285-344-361-309-136-128-225-398-124-35-170-22-391-131-231-32-416-21-383-95-192-71-411-423-326-321-152-445-30-484-149-226-88-150-456-348-308-424-235-111-146-261-409-223-176-412-181-43-58-388-153-241-408-179-66-468-184-110-478-491-213-477-419-396-212-162-135-222-356-338-196-247-6-304-353-250-143-9-54-210-36-372-336-469-18-91-205-256-45-461-327-55-482-177-436-164-332-72-224-199-347-374-395-257-352-499-161-86-497-118-233-188-33-178-488-81-320-220-455-394-465-351-287-202-24-12-472-47-417-288-500-425-208-209-169-281-292-404-359-453-80-27-346-16-254-492-108-65-439-63-102-486-122-201-362-237-28-387-450-494-297-221-322-245-69-8-337-232-105-130-462-70-269-31-444-393-180-107-155-242-174-94-369-278-144-100-229-123-298-476-452-119-129-294-358-349-340-368-113-295-134-2-316-87-44-483-485-13-189-318-319-303-323-310-236-204-422-290-474-96-435-218-302-366-333-399-52-493-83-273-265-490-195-104-39-401-37-20-315-157-306-251-463-466-457-377-329-214-116-10-255-75-167-77-211-112-305-238-355-291-418-448-451-187-365-354-386-441-19-156-267-380-405-262-15-50-127-34-464-440-415-284-430-59-62-216-253-313-84-217-48-421-56-57-25-357-433-429-335-282-274-14-382-473-109-215-360-275-385-279-249-475-400-498-173-138-234-53-314-324-79-228-49-432-431-406-125-428-145-438-29-264-459-378-258-41-449-367-76-168-397-23-227-101-379-248-390-175-137-341-42-271-443-4-60-219-230-339-5-93-446-140-277-437-121-141-410-300-97-132-276-193-458-106-3-407-147-252-207-454-243-311-7-186-376-259-260-328-447-78-166-99-92-26-115-158-64-182-375-289-17-334-263-363-74-389-420-283-190-191-272-206-244-403-183-246-299-90-85-38-371-373-286-467-495-487-82-426-307-480-98-160-343-317-240-427-489-414-392-239-61-198-460-51-266-370-350-345]
115,26758,7594043,125249,8717.172285,[114-299-433-274-57-81-43-327-424-137-240-448-120-17-283-226-63-361-444-402-165-84-59-272-289-93-390-392-95-309-124-281-242-483-8-253-102-244-41-271-100-413-362-67-474-391-280-189-254-266-134-172-396-205-439-258-168-341-475-26-133-18-86-171-197-19-328-369-365-183-458-342-31-248-13-429-144-421-263-476-379-153-2-145-16-126-203-217-360-14-28-314-446-331-1-330-438-464-44-346-247-65-366-236-298-292-30-481-176-196-443-459-72-167-388-387-138-286-353-110-87-415-486-75-208-206-339-219-297-211-479-477-403-318-178-364-180-350-308-488-122-74-317-399-195-33-356-68-131-55-109-104-224-268-358-492-454-21-257-103-166-354-25-225-426-142-118-213-70-105-385-294-480-384-368-293-370-3-410-262-452-371-46-158-128-130-239-156-221-336-115-470-367-315-101-404-273-494-416-378-305-394-5-491-135-160-141-232-61-373-209-465-340-377-200-482-147-238-455-338-58-291-436-301-22-163-154-412-185-132-241-423-489-435-345-91-445-260-349-310-357-383-191-64-284-47-456-150-161-56-12-324-173-27-461-311-139-136-90-237-204-332-457-252-40-419-121-276-381-376-471-229-77-96-442-199-290-255-437-36-78-395-300-372-359-319-7-192-407-472-400-42-198-277-49-422-127-107-495-97-251-382-24-174-80-123-155-389-10-449-212-76-434-453-11-326-296-117-220-401-111-245-335-53-460-414-493-35-322-143-38-323-194-9-98-52-119-37-83-431-478-34-73-164-463-39-106-307-88-312-50-193-79-152-451-54-89-162-427-337-499-487-218-408-380-261-363-233-129-6-216-417-386-287-306-343-48-92-20-282-484-250-425-279-440-4-325-210-466-267-500-148-188-235-490-184-227-398-374-285-447-430-269-352-112-302-320-51-125-485-215-441-295-246-140-278-157-321-420-351-186-181-316-85-329-222-467-62-170-469-113-288-187-201-177-418-411-94-270-151-69-159-450-406-82-304-202-182-303-45-66-60-231-175-462-228-256-243-32-333-223-405-432-179-108-234-375-249-348-264-355-275-207-497-230-473-313-99-190-334-468-116-265-409-214-71-498-428-169-23-496-259-347-397-29-393-149-344-146-15]
116,26977,7591169,125249,8890.674701,[369-156-154-80-451-357-37-400-476-241-335-283-489-24-312-177-325-83-119-274-363-294-178-495-197-348-320-12-59-62-368-231-117-61-277-285-118-405-300-291-385-20-1-439-218-419-14-138-77-207-259-75-44-13-344-263-233-470-316-353-268-485-477-261-38-127-404-104-58-498-428-250-473-144-446-402-30-53-421-33-342-40-415-84-109-65-108-19-431-47-182-9-227-125-245-269-147-288-453-39-107-334-371-306-383-281-444-29-332-97-212-411-360-216-69-382-79-424-4-407-192-130-28-8-253-252-232-155-199-222-251-458-486-7-366-292-15-34-113-136-105-139-331-267-397-66-455-275-497-42-124-303-151-171-208-377-349-99-492-95-143-315-174-25-386-290-391-16-181-271-239-93-452-189-194-475-308-494-96-425-242-435-50-122-134-408-341-370-427-449-217-493-352-121-89-460-387-488-198-318-432-354-376-200-68-390-433-88-159-474-49-255-417-215-406-73-129-462-226-466-229-36-365-102-434-480-450-115-313-164-26-173-10-328-481-388-187-165-420-90-98-314-265-483-379-152-183-91-257-81-499-324-221-201-22-6-120-262-310-272-422-436-311-345-361-276-128-302-132-309-234-56-409-373-266-204-3-11-378-319-305-179-166-442-211-330-190-228-126-418-401-185-48-392-249-394-329-146-338-491-180-248-359-202-237-479-286-456-414-280-74-106-304-116-64-45-441-196-145-31-289-307-193-381-372-195-293-410-355-333-235-256-52-141-374-389-278-67-350-157-297-273-487-51-188-86-244-184-500-55-336-186-32-478-445-403-356-423-236-317-454-206-114-279-71-343-103-247-170-367-82-57-23-54-472-412-426-43-76-364-17-137-112-35-447-149-213-243-72-384-220-270-440-191-133-85-496-339-299-150-322-238-140-375-351-94-27-111-219-167-471-92-110-46-413-87-396-326-209-172-161-168-100-214-362-142-162-60-358-380-437-175-467-225-2-282-287-70-63-21-264-131-246-429-284-301-337-461-430-347-210-160-321-240-148-464-101-448-205-482-5-78-18-465-258-296-260-463-484-41-135-459-223-295-163-298-346-469-438-169-327-158-153-468-443-230-416-323-395-393-203-490-176-224-398-457-340-399-254-123]
117,26843,7582806,125249,8803.618865,[464-447-312-219-106-326-141-57-398-252-265-241-444-194-182-97-320-17-391-168-119-142-416-337-376-31-52-187-264-138-473-43-111-401-157-212-44-321-243-486-237-482-379-344-432-476-230-70-222-475-161-385-242-7-236-107-461-470-27-397-19-325-263-481-165-117-451-273-132-37-233-120-490-181-269-148-445-278-384-203-355-118-253-299-460-424-133-159-108-65-136-342-64-173-419-185-277-327-457-281-371-414-139-311-480-134-50-172-98-317-94-184-156-164-369-409-99-309-214-339-145-286-29-272-126-462-370-288-261-400-498-76-68-477-276-338-275-149-341-425-428-1-367-83-26-271-356-167-208-128-12-196-238-5-483-314-92-93-292-399-192-313-361-411-392-372-415-333-474-249-246-294-147-89-10-72-350-290-211-466-74-285-340-131-188-66-100-303-221-449-75-158-32-429-143-485-488-413-55-40-15-329-101-250-389-402-9-59-14-124-129-255-186-235-412-87-388-61-442-215-166-41-279-439-319-359-199-183-25-262-268-452-467-46-383-463-207-455-362-393-90-289-468-137-330-67-408-443-198-494-204-328-30-220-487-291-130-435-28-125-227-218-316-245-394-374-86-175-280-45-417-109-33-193-202-38-58-354-258-53-153-240-403-302-180-178-331-489-35-274-404-492-79-382-478-368-440-378-39-63-418-146-48-225-78-450-347-336-77-304-179-20-471-283-491-434-365-21-284-318-24-189-239-54-346-496-4-298-352-11-497-170-300-160-295-122-47-405-254-229-375-223-73-155-437-256-42-36-296-395-270-373-334-197-224-150-200-421-123-105-360-91-446-433-114-335-358-315-420-18-500-266-228-140-60-23-484-297-176-209-386-191-349-453-351-144-348-127-357-441-430-448-104-82-465-201-380-454-323-499-177-282-151-287-162-34-210-171-406-2-103-163-152-62-216-56-154-81-248-217-459-80-257-206-169-3-226-436-51-110-195-8-71-387-472-13-423-343-310-390-431-267-306-115-95-364-308-307-251-113-231-438-22-293-353-49-458-205-121-69-381-232-135-493-426-305-247-174-427-190-96-16-407-410-422-495-396-85-116-88-6-112-84-324-213-479-259-345-377-332-366-322-102-234-301-456-244-260-363-469]
118,27184,7705764,125249,8715.054821,[6-191-382-453-121-170-37-420-442-447-385-194-17-94-429-391-28-397-478-491-337-253-456-409-113-192-71-437-159-199-277-38-228-156-416-148-46-345-462-374-77-257-15-367-494-392-41-347-201-334-230-493-424-306-431-147-54-23-166-438-70-47-457-84-145-138-114-207-399-42-469-98-107-177-378-52-396-227-119-232-401-330-371-342-190-458-341-51-202-427-50-282-279-164-360-477-338-2-26-377-210-485-181-285-193-310-261-72-1-329-40-460-167-99-472-395-19-141-413-455-284-481-34-25-319-436-30-307-220-296-480-238-101-348-265-258-325-388-144-123-298-83-461-405-267-297-235-172-287-211-476-162-155-497-59-186-117-259-154-182-280-398-271-104-74-78-124-444-22-368-163-448-251-88-66-294-370-125-82-467-44-63-308-383-234-195-142-21-443-60-244-487-36-256-95-249-91-322-184-404-137-394-252-466-357-175-171-291-86-289-168-31-375-85-96-152-479-355-240-364-158-204-245-216-140-157-115-93-176-239-384-331-295-179-433-410-482-80-18-79-498-305-386-300-483-326-435-198-440-327-354-414-407-187-393-81-9-87-452-260-111-278-349-441-223-64-333-389-5-12-49-269-100-492-274-217-387-376-196-139-266-500-446-3-173-149-133-103-490-132-372-288-237-343-301-188-262-471-450-373-473-128-243-390-422-484-468-122-236-61-299-208-317-323-58-459-212-434-209-335-499-362-108-449-127-200-224-68-32-454-379-463-318-213-332-205-153-143-293-417-428-151-403-415-292-24-406-57-56-339-321-411-445-359-7-408-247-451-221-361-369-231-90-275-302-178-276-315-110-150-281-246-169-206-161-250-486-118-363-43-314-126-75-381-353-69-263-412-340-92-272-109-222-255-67-11-474-73-62-464-254-135-496-218-35-131-29-197-165-225-241-45-105-425-423-180-328-20-215-242-214-134-16-89-27-8-14-419-470-97-116-203-130-426-475-229-174-160-336-33-283-290-106-380-53-309-55-418-312-39-219-183-268-344-233-65-432-4-320-264-273-185-48-189-351-400-13-495-129-352-311-439-120-76-488-421-136-366-402-358-303-286-304-346-10-226-248-102-316-350-112-365-313-489-270-430-146-465-356-324]
119,26658,7559664,125249,5543.265713,[232-224-461-431-330-310-500-260-211-371-409-31-364-335-15-197-395-493-428-220-356-129-249-280-40-156-270-357-57-13-21-214-404-283-143-427-425-187-201-186-28-433-204-457-281-327-350-322-237-46-223-216-278-148-405-367-267-157-131-76-66-61-257-320-331-33-308-373-149-450-192-297-250-317-487-307-293-458-426-128-36-200-68-412-173-329-416-328-213-182-271-135-254-166-444-355-219-432-139-12-463-482-477-282-497-86-8-313-484-262-496-383-91-64-456-311-184-483-443-106-319-470-41-424-466-55-50-242-266-83-35-24-476-117-315-207-354-10-52-441-56-170-23-303-118-451-158-19-295-495-261-20-340-95-438-104-474-411-235-446-394-58-407-353-1-99-372-341-102-306-116-177-358-273-400-436-479-59-153-82-272-151-413-268-491-54-402-222-486-231-234-180-4-361-193-230-107-263-387-218-70-27-221-6-430-244-38-78-499-87-114-88-97-421-103-137-414-376-202-478-138-122-396-284-255-337-332-246-34-119-299-348-386-398-84-375-120-393-347-277-420-112-251-462-459-238-80-296-454-439-225-183-30-7-136-312-121-384-212-298-369-75-481-247-434-210-74-468-290-318-5-130-345-417-325-124-469-126-248-321-209-127-401-455-228-175-208-215-63-18-133-69-422-365-154-155-472-471-85-152-185-123-239-39-81-360-302-89-2-16-49-134-435-165-480-11-132-101-146-51-403-334-453-44-301-79-179-96-305-195-423-452-159-73-9-343-485-45-100-309-190-174-256-198-406-226-90-333-98-233-269-323-240-490-292-342-489-191-464-77-243-37-314-108-326-188-381-279-169-498-465-288-62-217-429-287-67-199-448-389-14-286-294-374-390-408-29-172-304-145-349-176-473-164-253-377-442-385-47-196-189-368-274-26-163-171-140-370-60-276-162-289-300-22-227-32-42-206-241-382-160-236-168-264-339-415-141-418-93-110-419-291-105-150-194-3-71-392-265-449-397-410-352-92-351-379-378-338-467-324-161-167-109-391-147-380-229-111-494-437-488-258-359-115-362-475-245-94-447-48-43-25-17-144-53-142-445-388-316-363-203-178-285-252-399-346-125-344-440-336-366-113-460-181-275-205-72-492-259-65]
120,26946,7653057,125249,5572.116464,[16-134-111-257-283-152-292-421-398-445-357-297-146-85-47-245-412-9-262-346-56-410-256-130-482-12-191-339-230-150-394-431-129-296-466-10-72-4-375-183-193-313-485-45-247-326-465-3-119-155-142-447-31-79-470-380-217-28-362-461-317-20-151-43-455-288-55-388-363-148-52-271-170-309-1-41-69-33-114-34-88-314-422-100-379-438-391-95-198-474-243-316-175-286-214-67-246-212-340-354-154-120-233-367-401-104-285-299-341-215-486-174-144-89-166-269-82-176-80-7-13-281-113-187-396-342-329-167-453-463-57-196-184-237-499-261-105-409-252-446-251-351-17-182-22-448-298-480-278-488-483-165-74-91-383-290-325-364-359-449-440-131-374-408-302-147-358-258-195-76-457-469-226-332-232-227-390-318-185-71-168-436-382-404-249-373-108-270-234-133-307-497-38-370-141-491-343-36-169-225-330-97-211-432-282-244-348-127-475-203-253-397-495-83-172-162-64-331-163-128-481-98-35-27-451-223-295-267-117-235-493-145-42-216-23-420-39-454-54-49-444-385-60-161-484-349-279-236-336-337-205-333-400-347-173-222-335-254-407-368-177-77-427-265-224-123-494-384-435-101-434-500-132-61-430-199-90-443-30-179-99-418-306-221-93-319-66-192-471-8-442-242-416-402-403-458-181-327-344-96-350-138-276-178-467-65-59-377-248-324-6-356-159-125-490-21-304-164-58-197-301-157-124-110-289-300-81-11-188-414-238-92-219-476-487-284-75-406-425-53-139-207-231-121-107-102-228-213-19-2-122-423-294-392-323-260-389-498-143-352-399-315-369-353-206-153-320-303-372-118-492-450-5-273-87-40-328-272-365-395-417-220-275-361-18-311-277-426-468-63-51-24-37-415-266-126-204-78-136-112-29-378-263-334-156-322-381-137-478-189-437-472-462-419-305-194-48-441-268-429-46-393-116-50-149-201-411-255-312-355-202-360-140-366-73-218-264-186-405-459-44-496-321-115-32-386-293-338-240-94-376-109-345-14-479-259-371-70-135-310-106-210-171-464-473-208-103-190-86-180-489-477-456-250-413-452-428-209-424-280-433-287-308-274-200-160-68-229-239-26-15-291-62-460-158-84-241-25-387-439]
